"BARRACUDA","FISHES,BONY,UNSPECIFIED","JACKS","MACKEREL,KING","PORGY,UNSPECIFIED","TUNA AND MACKERELS,UNSPECIFI","GROUPER,UNSPECIFIED","SNAPPER,LANE","SNAPPER,MUTTON","SNAPPER,SILK","SNAPPER,YELLOWTAIL","DOLPHINFISH","LOBSTERS,SPINY","SNAPPER,UNSPECIFIED","TRIGGERFISH,QUEEN","MARLIN,UNSPECIFIED","CONCH,QUEEN","OCTOPUS,UNSPECIFIED","BALLYHOO","PARROTFISHES,UNSPECIFIED","GRUNT,WHITE","GOATFISH,UNSPECIFIED","HOGFISH","SNOOK,UNSPECIFIED","MULLET,WHITE","BOXFISH,UNSPECIFIED","SQUIRRELFISH","HERRING,SARDINELLA","MOJARRAS,UNSPECIFIED","SHELLFISH,UNSPECIFIED","CRAB,BLUE LAND","SHRIMP,PENAEUS,UNSPECIFIED","TUNA,SKIPJACK","TUNNY,LITTLE","AMBERJACK,GREATER","SHARKS,REQUIEM,UNSPECIFIED","TUNA,BLACKFIN","GOBY,SIRAJO","GROUPER,RED HIND","BUMPER,ATLANTIC","DRUM,REEF CROAKER","GRUNT,BLACK MARGATE","LADYFISH","MACKEREL,CERO","MULLET,LIZA","MULLET,UNSPECIFIED","TARPON","SNAPPER,VERMILION","JACK,BAR","GROUPER,CONEY","LOBSTER,SPOTTED SPINY","SNAPPER,QUEEN","BLUE RUNNER","TUNA,YELLOWFIN","GOATFISH,YELLOW","GROUPER,NASSAU","JACK,HORSE-EYE","SCAD,BIGEYE","SNAPPER,BLACK","MARLIN,BLUE","RAINBOW RUNNER","HALFBEAK,SILVERSTRIPE","WRASSE,SPANISH HOGFISH","TRUNKFISH,UNSPECIFIED","GRUNT,UNSPECIFIED","GROUPER,GOLIATH","GOATFISH,SPOTTED","MANGROVE OYSTER","JACK,YELLOW","DRUMMER,WHITEMOUTH","HERRING,ATLANTIC THREAD","PERMIT","GROUPER,ROCK HIND","BARBU","BONEFISH","BIGEYE","SNAPPER,CARDINAL","TUNA,ALBACORE","BARRACUDA,GUAGUANCHE","GRUNT,MARGATE","HOUNDFISH","TILEFISH,SAND","MOONFISH,ATLANTIC","GROUPER,YELLOWFIN","SURGEONFISH,OCEAN","BARRACUDA,SOUTHERN SENNNET","GROUPER,MISTY","CHUB,RUDDERFISH","SNAPPER,BLACKFIN","POMPANO,AFRICAN","SNAPPER,GRAY","WAHOO","CRAB,SPECKLED SWIMMING","TOPSNAIL,WEST INDIAN","MOJARRA,SILVER JENNY","CUTLASSFISH,ATLANTIC","BARRACUDA,GREAT","GROUPER,TIGER","TRIGGERFISH,OCEAN","CRAB,UNSPECIFIED","REMORA,SHARKSUCKER","TILEFISH,BLACKLINE","STINGRAYS,UNSPECIFIED","ANGELFISH,GRAY","BUTTERFLYFISH,FOUREYE","LOBSTER,SPANISH SLIPPER","SNOOK,COMMON","SPANISH FLAG","JACK,ALMACO","SNAPPER,DOG","TRIPLETAIL","PARROTFISH,RAINBOW","CUTLASSFISH","GROUPER,RED","RAYS,MANTA","JACK,BLACK","RAY,SPOTTED EAGLE","SCOMBROPS,ATLANTIC","GROUPER,YELLOWEDGE","LOBSTER,RIDGED SLIPPER","CRAB,CORAL","SNAPPER,CUBERA","LIONFISH","-","YEAR","REGION","YEAR_REGION","LOCATION","LLC_abrev","lat","lon","GEAR","GEAR2"
0,0,0,0,0,0,0,0,0,0,0,0,0,0,0,0,0,14.314958357955499,0,0,0,0,0,0,0,0,0,0,0,0,0,0,0,0,0,0,0,0,0,0,0,0,0,0,0,0,0,0,0,0,0,0,0,0,0,0,0,0,0,0,0,0,0,0,0,0,0,0,0,0,0,0,0,0,0,0,0,0,0,0,0,0,0,0,0,0,0,0,0,0,0,0,0,0,0,0,0,0,0,0,0,0,0,0,0,0,0,0,0,0,0,0,0,0,0,0,0,0,0,0,0,0,0,,1983,"PR-North","PR-North-1983","CAMUY","CAM",18.4473241,-66.862637,"BY HAND, DIVING GEAR","BHD"
0,0,0,0,0,0,0,0,0,0,0,0,9.750998267510871,0,0,0,0,0,0,0,0,0,0,0,0,0,0,0,0,0,0,0,0,0,0,0,0,0,0,0,0,0,0,0,0,0,0,0,0,0,0,0,0,0,0,0,0,0,0,0,0,0,0,0,0,0,0,0,0,0,0,0,0,0,0,0,0,0,0,0,0,0,0,0,0,0,0,0,0,0,0,0,0,0,0,0,0,0,0,0,0,0,0,0,0,0,0,0,0,0,0,0,0,0,0,0,0,0,0,0,0,0,0,,1983,"PR-North","PR-North-1983","CAROLINA","CAR",18.3967757,-65.9687781,"BY HAND, DIVING GEAR","BHD"
0,22.543218965134503,0,0,0,0,0,0,0,0,0,0,14.257583544345794,0,0,0,0,0,0,0,0,0,0,0,0,0,0,0,0,0,0,0,0,0,0,0,0,0,0,0,0,0,0,0,0,0,0,0,0,0,0,0,0,0,0,0,0,0,0,0,0,0,0,0,0,0,0,0,0,0,0,0,0,0,0,0,0,0,0,0,0,0,0,0,0,0,0,0,0,0,0,0,0,0,0,0,0,0,0,0,0,0,0,0,0,0,0,0,0,0,0,0,0,0,0,0,0,0,0,0,0,0,0,,1983,"PR-North","PR-North-1983","CATANO","CAT",18.4419335,-66.145498,"BY HAND, DIVING GEAR","BHD"
0,8.5889750146918,0,0,0,0,28.886436774202526,0,0,0,0,0,16.546011356275567,18.37674938701075,7.465768876545805,0,0,0,0,29.224961260196736,0,0,0,0,0,0,5.279095799377011,0,0,0,0,0,0,0,0,0,0,0,0,0,0,0,0,0,0,0,0,0,0,0,0,0,0,0,0,0,0,0,0,0,0,0,0,0,0,0,0,0,0,0,0,0,0,0,0,0,0,0,0,0,0,0,0,0,0,0,0,0,0,0,0,0,0,0,0,0,0,0,0,0,0,0,0,0,0,0,0,0,0,0,0,0,0,0,0,0,0,0,0,0,0,0,0,,1983,"PR-North","PR-North-1983","DORADO","DOR",18.4732598,-66.2603935,"BY HAND, DIVING GEAR","BHD"
0,0,0,0,0,0,10.63554202191877,0,0,0,0,0,46.78166938203467,0,9.834699358648438,0,0,0,0,0,0,0,0,0,0,0,0,0,0,0,0,0,0,0,0,0,0,0,0,0,0,0,0,0,0,0,0,0,0,0,0,0,0,0,0,0,0,0,0,0,0,0,0,0,0,0,0,0,0,0,0,0,0,0,0,0,0,0,0,0,0,0,0,0,0,0,0,0,0,0,0,0,0,0,0,0,0,0,0,0,0,0,0,0,0,0,0,0,0,0,0,0,0,0,0,0,0,0,0,0,0,0,0,,1983,"PR-North","PR-North-1983","ISABELA","ISA",18.4852958,-67.013989,"BY HAND, DIVING GEAR","BHD"
0,0,0,0,0,0,0,0,0,0,0,0,24.89321456039778,0,0,0,54.517255502271944,0,0,0,0,0,0,0,0,0,0,0,0,0,0,0,0,0,0,0,0,0,0,0,0,0,0,0,0,0,0,0,0,0,0,0,0,0,0,0,0,0,0,0,0,0,0,0,0,0,0,0,0,0,0,0,0,0,0,0,0,0,0,0,0,0,0,0,0,0,0,0,0,0,0,0,0,0,0,0,0,0,0,0,0,0,0,0,0,0,0,0,0,0,0,0,0,0,0,0,0,0,0,0,0,0,0,,1983,"PR-North","PR-North-1983","LOIZA","LOI",18.4750387,-65.90328,"BY HAND, DIVING GEAR","BHD"
0,0,0,0,0,0,38.8776981031542,0,0,0,0,0,35.8045697238495,21.991056304325173,0,0,53.83642498996381,19.077065451216548,0,0,0,0,20.325224576865075,10.712333936169092,0,0,0,0,0,0,0,0,0,0,0,0,0,0,0,0,0,0,0,0,0,0,0,0,0,0,0,0,0,0,0,0,0,0,0,0,0,0,0,0,0,0,0,0,0,0,0,0,0,0,0,0,0,0,0,0,0,0,0,0,0,0,0,0,0,0,0,0,0,0,0,0,0,0,0,0,0,0,0,0,0,0,0,0,0,0,0,0,0,0,0,0,0,0,0,0,0,0,0,,1983,"PR-North","PR-North-1983","LUQUILLO","LUQ",18.3679603,-65.7099453,"BY HAND, DIVING GEAR","BHD"
0,0,0,0,0,0,0,0,0,0,0,0,18.510077007403293,0,0,0,0,7.682212795998299,0,0,0,0,0,0,0,0,0,0,0,19.41775425557755,0,0,0,0,0,0,0,0,0,0,0,0,0,0,0,0,0,0,0,0,0,0,0,0,0,0,0,0,0,0,0,0,0,0,0,0,0,0,0,0,0,0,0,0,0,0,0,0,0,0,0,0,0,0,0,0,0,0,0,0,0,0,0,0,0,0,0,0,0,0,0,0,0,0,0,0,0,0,0,0,0,0,0,0,0,0,0,0,0,0,0,0,0,,1983,"PR-North","PR-North-1983","RIO GRANDE","RGR",18.3763694,-65.7984341,"BY HAND, DIVING GEAR","BHD"
0,0,0,0,0,0,0,0,11.307911056424171,0,0,0,14.429023574310218,0,0,0,0,0,0,0,0,0,0,0,0,0,0,0,0,26.051651091437563,0,0,0,0,0,0,0,0,0,0,0,0,0,0,0,0,0,0,0,0,0,0,0,0,0,0,0,0,0,0,0,0,0,0,0,0,0,0,0,0,0,0,0,0,0,0,0,0,0,0,0,0,0,0,0,0,0,0,0,0,0,0,0,0,0,0,0,0,0,0,0,0,0,0,0,0,0,0,0,0,0,0,0,0,0,0,0,0,0,0,0,0,0,,1983,"PR-North","PR-North-1983","SAN JUAN","SJU",18.4223633,-66.0680934,"BY HAND, DIVING GEAR","BHD"
0,0,0,0,0,0,0,0,0,0,0,0,0,11.307911056424171,0,0,0,0,0,0,0,0,0,0,0,0,0,0,0,0,0,0,0,0,0,0,0,0,0,0,0,0,0,0,0,0,0,0,0,0,0,0,0,0,0,0,0,0,0,0,0,0,0,0,0,0,0,0,0,0,0,0,0,0,0,0,0,0,0,0,0,0,0,0,0,0,0,0,0,0,0,0,0,0,0,0,0,0,0,0,0,0,0,0,0,0,0,0,0,0,0,0,0,0,0,0,0,0,0,0,0,0,0,,1983,"PR-North","PR-North-1983","VEGA BAJA","VBA",18.4550266,-66.3977734,"BY HAND, DIVING GEAR","BHD"
0,0,0,0,0,0,0,0,0,0,0,0,16.519120918711142,0,0,0,0,0,0,0,0,0,0,0,0,0,0,0,0,0,0,0,0,0,0,0,0,0,0,0,0,0,0,0,0,0,0,0,0,0,0,0,0,0,0,0,0,0,0,0,0,0,0,0,0,0,0,0,0,0,0,0,0,0,0,0,0,0,0,0,0,0,0,0,0,0,0,0,0,0,0,0,0,0,0,0,0,0,0,0,0,0,0,0,0,0,0,0,0,0,0,0,0,0,0,0,0,0,0,0,0,0,0,,1984,"PR-North","PR-North-1984","ARECIBO","ARE",18.4339836,-66.6753225,"BY HAND, DIVING GEAR","BHD"
0,0,0,0,0,0,0,0,0,0,0,0,9.914892069306655,0,7.8113346588787245,0,0,29.886792049147733,0,0,0,0,0,0,0,0,0,0,0,6.106401198169016,0,0,0,0,0,0,0,0,0,0,0,0,0,0,0,0,0,0,0,0,0,0,0,0,0,0,0,0,0,0,0,0,0,0,0,0,0,0,0,0,0,0,0,0,0,0,0,0,0,0,0,0,0,0,0,0,0,0,0,0,0,0,0,0,0,0,0,0,0,0,0,0,0,0,0,0,0,0,0,0,0,0,0,0,0,0,0,0,0,0,0,0,0,,1984,"PR-North","PR-North-1984","CAMUY","CAM",18.4473241,-66.862637,"BY HAND, DIVING GEAR","BHD"
0,0,0,0,0,0,0,0,0,0,0,0,20.584674239783343,9.113223768678129,8.130294884873488,0,10,0,0,11.497973292280687,0,0,0,0,0,0,0,0,0,0,0,0,0,0,0,0,0,0,0,0,0,0,0,0,0,0,0,0,0,0,0,0,0,0,0,0,0,0,0,0,0,0,0,0,0,0,0,0,0,0,0,0,0,0,0,0,0,0,0,0,0,0,0,0,0,0,0,0,0,0,0,0,0,0,0,0,0,0,0,0,0,0,0,0,0,0,0,0,0,0,0,0,0,0,0,0,0,0,0,0,0,0,0,,1984,"PR-North","PR-North-1984","DORADO","DOR",18.4732598,-66.2603935,"BY HAND, DIVING GEAR","BHD"
0,0,0,0,0,0,0,0,0,0,0,0,36.42963963683967,0,0,0,0,0,0,0,0,0,0,0,0,0,0,0,0,0,0,0,0,0,0,0,0,0,0,0,0,0,0,0,0,0,0,0,0,0,0,0,0,0,0,0,0,0,0,0,0,0,0,0,0,0,0,0,0,0,0,0,0,0,0,0,0,0,0,0,0,0,0,0,0,0,0,0,0,0,0,0,0,0,0,0,0,0,0,0,0,0,0,0,0,0,0,0,0,0,0,0,0,0,0,0,0,0,0,0,0,0,0,,1984,"PR-North","PR-North-1984","ISABELA","ISA",18.4852958,-67.013989,"BY HAND, DIVING GEAR","BHD"
0,0,0,0,0,0,0,0,0,0,0,0,12.212802396256151,0,0,0,44.53145907569165,0,0,0,0,0,0,0,0,0,0,0,0,0,0,0,0,0,0,0,0,0,0,0,0,0,0,0,0,0,0,0,0,0,0,0,0,0,0,0,0,0,0,0,0,0,0,0,0,0,0,0,0,0,0,0,0,0,0,0,0,0,0,0,0,0,0,0,0,0,0,0,0,0,0,0,0,0,0,0,0,0,0,0,0,0,0,0,0,0,0,0,0,0,0,0,0,0,0,0,0,0,0,0,0,0,0,,1984,"PR-North","PR-North-1984","LOIZA","LOI",18.4750387,-65.90328,"BY HAND, DIVING GEAR","BHD"
0,0,0,0,0,0,0,0,0,0,0,0,0,0,0,0,0,18.086421538546535,0,0,0,0,0,0,0,0,0,0,0,0,0,0,0,0,0,0,0,0,0,0,0,0,0,0,0,0,0,0,0,0,0,0,0,0,0,0,0,0,0,0,0,0,0,0,0,0,0,0,0,0,0,0,0,0,0,0,0,0,0,0,0,0,0,0,0,0,0,0,0,0,0,0,0,0,0,0,0,0,0,0,0,0,0,0,0,0,0,0,0,0,0,0,0,0,0,0,0,0,0,0,0,0,0,,1984,"PR-North","PR-North-1984","LUQUILLO","LUQ",18.3679603,-65.7099453,"BY HAND, DIVING GEAR","BHD"
0,0,0,0,0,0,0,0,0,0,0,0,19.829784138537665,0,0,0,16.77366782191659,11.199273584032136,0,0,0,0,0,0,0,0,0,0,0,0,0,0,0,0,0,0,0,0,0,0,0,0,0,0,0,0,0,0,0,0,0,0,0,0,0,0,0,0,0,0,0,0,0,0,0,0,0,0,0,0,0,0,0,0,0,0,0,0,0,0,0,0,0,0,0,0,0,0,0,0,0,0,0,0,0,0,0,0,0,0,0,0,0,0,0,0,0,0,0,0,0,0,0,0,0,0,0,0,0,0,0,0,0,,1984,"PR-North","PR-North-1984","RIO GRANDE","RGR",18.3763694,-65.7984341,"BY HAND, DIVING GEAR","BHD"
0,81.00925873009825,0,0,0,0,0,0,0,0,0,0,0,0,0,0,0,0,0,0,0,0,0,0,0,0,0,0,0,0,0,0,0,0,0,0,0,0,0,0,0,0,0,0,0,0,0,0,0,0,0,0,0,0,0,0,0,0,0,0,0,0,0,0,0,0,0,0,0,0,0,0,0,0,0,0,0,0,0,0,0,0,0,0,0,0,0,0,0,0,0,0,0,0,0,0,0,0,0,0,0,0,0,0,0,0,0,0,0,0,0,0,0,0,0,0,0,0,0,0,0,0,0,,1985,"PR-North","PR-North-1985","BARCELONETA","BCL",18.4699891,-66.5582299,"BY HAND, DIVING GEAR","BHD"
0,0,0,0,0,0,0,0,0,0,0,0,0,0,0,0,0,19.5940953205296,0,0,0,0,0,0,0,0,0,0,0,0,0,0,0,0,0,0,0,0,0,0,0,0,0,0,0,0,0,0,0,0,0,0,0,0,0,0,0,0,0,0,0,0,0,0,0,0,0,0,0,0,0,0,0,0,0,0,0,0,0,0,0,0,0,0,0,0,0,0,0,0,0,0,0,0,0,0,0,0,0,0,0,0,0,0,0,0,0,0,0,0,0,0,0,0,0,0,0,0,0,0,0,0,0,,1985,"PR-North","PR-North-1985","CAMUY","CAM",18.4473241,-66.862637,"BY HAND, DIVING GEAR","BHD"
0,41.01393491363636,0,0,0,0,0,0,0,0,0,0,0,0,0,0,0,0,0,0,0,0,0,0,0,0,0,0,0,0,0,0,0,0,0,0,0,0,0,0,0,0,0,0,0,0,0,0,0,0,0,0,0,0,0,0,0,0,0,0,0,0,0,0,0,0,0,0,0,0,0,0,0,0,0,0,0,0,0,0,0,0,0,0,0,0,0,0,0,0,0,0,0,0,0,0,0,0,0,0,0,0,0,0,0,0,0,0,0,0,0,0,0,0,0,0,0,0,0,0,0,0,0,,1985,"PR-North","PR-North-1985","CATANO","CAT",18.4419335,-66.145498,"BY HAND, DIVING GEAR","BHD"
0,0,0,0,0,0,0,0,0,0,0,0,27.548658250992915,0,0,0,0,0,0,0,0,0,0,0,0,0,0,0,0,0,0,0,0,0,0,0,0,0,0,0,0,0,0,0,0,0,0,0,0,0,0,0,0,0,0,0,0,0,0,0,0,0,0,0,0,0,0,0,0,0,0,0,0,0,0,0,0,0,0,0,0,0,0,0,0,0,0,0,0,0,0,0,0,0,0,0,0,0,0,0,0,0,0,0,0,0,0,0,0,0,0,0,0,0,0,0,0,0,0,0,0,0,0,,1985,"PR-North","PR-North-1985","ISABELA","ISA",18.4852958,-67.013989,"BY HAND, DIVING GEAR","BHD"
0,0,0,0,0,0,0,0,0,0,0,0,22.834810518592004,0,0,0,35.98114585640652,17.11306935824196,0,0,0,0,0,0,0,0,0,0,0,0,0,0,0,0,0,0,0,0,0,0,0,0,0,0,0,0,0,0,0,0,0,0,0,0,0,0,0,0,0,0,0,0,0,0,0,0,0,0,0,0,0,0,0,0,0,0,0,0,0,0,0,0,0,0,0,0,0,0,0,0,0,0,0,0,0,0,0,0,0,0,0,0,0,0,0,0,0,0,0,0,0,0,0,0,0,0,0,0,0,0,0,0,0,,1985,"PR-North","PR-North-1985","LUQUILLO","LUQ",18.3679603,-65.7099453,"BY HAND, DIVING GEAR","BHD"
0,0,0,0,0,0,5.669467095151007,0,0,0,0,0,11.338934190213822,0,0,0,0,0,0,5.824823725143964,0,0,0,0,0,0,0,0,0,0,0,0,0,0,0,0,0,0,0,0,0,0,0,0,0,0,0,0,0,0,0,0,0,0,0,0,0,0,0,0,0,0,0,0,0,0,0,0,0,0,0,0,0,0,0,0,0,0,0,0,0,0,0,0,0,0,0,0,0,0,0,0,0,0,0,0,0,0,0,0,0,0,0,0,0,0,0,0,0,0,0,0,0,0,0,0,0,0,0,0,0,0,0,,1985,"PR-North","PR-North-1985","VEGA ALTA","VAL",18.4360963,-66.3362631,"BY HAND, DIVING GEAR","BHD"
0,0,0,0,0,0,0,0,0,0,0,0,0,0,0,0,0,15.405626677613604,0,0,0,0,0,0,0,0,0,0,0,0,0,0,0,0,0,0,0,0,0,0,0,0,0,0,0,0,0,0,0,0,0,0,0,0,0,0,0,0,0,0,0,0,0,0,0,0,0,0,0,0,0,0,0,0,0,0,0,0,0,0,0,0,0,0,0,0,0,0,0,0,0,0,0,0,0,0,0,0,0,0,0,0,0,0,0,0,0,0,0,0,0,0,0,0,0,0,0,0,0,0,0,0,0,,1986,"PR-North","PR-North-1986","CAMUY","CAM",18.4473241,-66.862637,"BY HAND, DIVING GEAR","BHD"
0,0,0,0,0,0,0,0,0,0,0,0,0,0,0,0,0,0,0,9.30949336253053,0,0,0,0,0,0,0,0,0,0,0,0,0,0,0,0,0,0,0,0,0,0,0,0,0,0,0,0,0,0,0,0,0,0,0,0,0,0,0,0,0,0,0,0,0,0,0,0,0,0,0,0,0,0,0,0,0,0,0,0,0,0,0,0,0,0,0,0,0,0,0,0,0,0,0,0,0,0,0,0,0,0,0,0,0,0,0,0,0,0,0,0,0,0,0,0,0,0,0,0,0,0,0,,1986,"PR-North","PR-North-1986","DORADO","DOR",18.4732598,-66.2603935,"BY HAND, DIVING GEAR","BHD"
0,0,0,0,0,0,0,0,0,0,0,0,0,0,0,0,0,10.198039027185569,0,0,0,0,0,0,0,0,0,0,0,0,0,0,0,0,0,0,0,0,0,0,0,0,0,0,0,0,0,0,0,0,0,0,0,0,0,0,0,0,0,0,0,0,0,0,0,0,0,0,0,0,0,0,0,0,0,0,0,0,0,0,0,0,0,0,0,0,0,0,0,0,0,0,0,0,0,0,0,0,0,0,0,0,0,0,0,0,0,0,0,0,0,0,0,0,0,0,0,0,0,0,0,0,0,,1986,"PR-North","PR-North-1986","ISABELA","ISA",18.4852958,-67.013989,"BY HAND, DIVING GEAR","BHD"
0,0,0,0,0,0,0,0,0,0,0,0,18.903262504922267,0,0,0,57.53839297955757,6.531972647447324,0,0,0,0,0,0,0,0,0,0,0,0,0,0,0,0,0,0,0,0,0,0,0,0,0,0,0,0,0,0,0,0,0,0,0,0,0,0,0,0,0,0,0,0,0,0,0,0,0,0,0,0,0,0,0,0,0,0,0,0,0,0,0,0,0,0,0,0,0,0,0,0,0,0,0,0,0,0,0,0,0,0,0,0,0,0,0,0,0,0,0,0,0,0,0,0,0,0,0,0,0,0,0,0,0,,1986,"PR-North","PR-North-1986","LUQUILLO","LUQ",18.3679603,-65.7099453,"BY HAND, DIVING GEAR","BHD"
0,0,0,0,0,0,0,0,0,0,0,0,10.954451150103322,0,0,0,0,0,0,0,0,0,8.56348838575729,0,0,0,0,0,0,0,0,0,0,0,0,0,0,0,0,0,0,0,0,0,0,0,0,0,0,0,0,0,0,0,0,0,0,0,0,0,0,0,0,0,0,0,0,0,0,0,0,0,0,0,0,0,0,0,0,0,0,0,0,0,0,0,0,0,0,0,0,0,0,0,0,0,0,0,0,0,0,0,0,0,0,0,0,0,0,0,0,0,0,0,0,0,0,0,0,0,0,0,0,,1986,"PR-North","PR-North-1986","RIO GRANDE","RGR",18.3763694,-65.7984341,"BY HAND, DIVING GEAR","BHD"
0,0,0,0,0,0,0,0,0,0,0,0,0,0,0,0,0,0,0,0,0,0,0,0,0,0,0,0,0,0,0,0,0,0,0,0,0,46.04345773288535,0,0,0,0,0,0,0,0,0,0,0,0,0,0,0,0,0,0,0,0,0,0,0,0,0,0,0,0,0,0,0,0,0,0,0,0,0,0,0,0,0,0,0,0,0,0,0,0,0,0,0,0,0,0,0,0,0,0,0,0,0,0,0,0,0,0,0,0,0,0,0,0,0,0,0,0,0,0,0,0,0,0,0,0,0,,1987,"PR-North","PR-North-1987","BARCELONETA","BCL",18.4699891,-66.5582299,"BY HAND, DIVING GEAR","BHD"
0,6.831300510590937,0,0,0,0,0,0,0,0,0,0,0,0,0,0,0,0,0,0,0,0,0,0,0,0,0,0,0,0,0,0,0,0,0,0,0,0,0,0,0,0,0,0,0,0,0,0,0,0,0,0,0,0,0,0,0,0,0,0,0,0,0,0,0,0,0,0,0,0,0,0,0,0,0,0,0,0,0,0,0,0,0,0,0,0,0,0,0,0,0,0,0,0,0,0,0,0,0,0,0,0,0,0,0,0,0,0,0,0,0,0,0,0,0,0,0,0,0,0,0,0,0,,1987,"PR-North","PR-North-1987","CATANO","CAT",18.4419335,-66.145498,"BY HAND, DIVING GEAR","BHD"
0,0,0,0,0,0,0,0,0,0,41.03656905773191,0,7.9162280580463324,0,0,0,0,0,0,0,0,0,0,0,0,0,0,0,0,21.694853460440797,0,0,0,0,0,0,0,0,0,0,0,0,0,0,0,0,0,0,0,0,0,0,0,0,0,0,0,0,0,0,0,0,0,0,0,0,0,0,0,0,0,0,0,0,0,0,0,0,0,0,0,0,0,0,0,0,0,0,0,0,0,0,0,0,0,0,0,0,0,0,0,0,0,0,0,0,0,0,0,0,0,0,0,0,0,0,0,0,0,0,0,0,0,,1987,"PR-North","PR-North-1987","SAN JUAN","SJU",18.4223633,-66.0680934,"BY HAND, DIVING GEAR","BHD"
0,0,0,0,0,0,0,0,0,0,0,0,0,13.29607890657994,0,0,0,0,0,0,0,0,0,0,0,0,0,0,0,0,0,0,0,0,0,0,0,0,0,0,0,0,0,0,0,0,0,0,0,0,0,0,0,0,0,0,0,0,0,0,0,0,0,0,0,0,0,0,0,0,0,0,0,0,0,0,0,0,0,0,0,0,0,0,0,0,0,0,0,0,0,0,0,0,0,0,0,0,0,0,0,0,0,0,0,0,0,0,0,0,0,0,0,0,0,0,0,0,0,0,0,0,0,,1988,"PR-North","PR-North-1988","SAN JUAN","SJU",18.4223633,-66.0680934,"SPEARS","BHD"
0,0,0,0,0,0,10.84652289077011,0,0,0,0,0,12.445961625362662,9.801960588219073,24.293951478300105,0,0,0,0,0,0,0,0,0,0,0,6.567895774294839,0,0,0,0,0,0,0,0,0,0,0,0,0,0,0,0,0,0,0,0,0,0,0,0,0,0,0,0,0,0,0,0,0,0,0,34.185193446578594,0,0,0,0,0,0,0,0,0,0,0,0,0,0,0,0,0,0,0,0,0,0,0,0,0,0,0,0,0,0,0,0,0,0,0,0,0,0,0,0,0,0,0,0,0,0,0,0,0,0,0,0,0,0,0,0,0,0,0,0,,1989,"PR-North","PR-North-1989","DORADO","DOR",18.4732598,-66.2603935,"SPEARS","BHD"
0,0,0,0,0,0,0,0,0,0,0,0,19.301528944878953,0,0,0,0,0,0,0,0,0,0,0,0,0,0,0,0,0,0,0,0,0,0,0,0,0,0,0,0,0,0,0,0,0,0,0,0,0,0,0,0,0,0,0,0,0,0,0,0,0,0,0,0,0,0,0,0,0,0,0,0,0,0,0,0,0,0,0,0,0,0,0,0,0,0,0,0,0,0,0,0,0,0,0,0,0,0,0,0,0,0,0,0,0,0,0,0,0,0,0,0,0,0,0,0,0,0,0,0,0,0,,1991,"PR-North","PR-North-1991","CATANO","CAT",18.4419335,-66.145498,"BY HAND, DIVING GEAR","BHD"
0,0,0,0,0,0,0,0,0,0,0,0,0,9.701425001462415,0,0,0,0,0,0,0,0,0,0,0,0,0,0,0,0,0,0,0,0,0,0,0,0,0,0,0,0,0,0,0,0,0,0,0,0,0,0,0,0,0,0,0,0,0,0,0,0,0,0,0,0,0,0,0,0,0,0,0,0,0,0,0,0,0,0,0,0,0,0,0,0,0,0,0,0,0,0,0,0,0,0,0,0,0,0,0,0,0,0,0,0,0,0,0,0,0,0,0,0,0,0,0,0,0,0,0,0,0,,1991,"PR-North","PR-North-1991","DORADO","DOR",18.4732598,-66.2603935,"BY HAND, DIVING GEAR","BHD"
0,0,0,0,0,0,0,0,0,0,0,0,18.62951484956063,0,0,0,0,0,0,0,0,0,0,0,0,0,0,0,0,0,0,0,0,0,0,0,0,0,0,0,0,0,0,0,0,0,0,0,0,0,0,0,0,0,0,0,0,0,0,0,0,0,0,0,0,0,0,0,0,0,0,0,0,0,0,0,0,0,0,0,0,0,0,0,0,0,0,0,0,0,0,0,0,0,0,0,0,0,0,0,0,0,0,0,0,0,0,0,0,0,0,0,0,0,0,0,0,0,0,0,0,0,0,,1991,"PR-North","PR-North-1991","ISABELA","ISA",18.4852958,-67.013989,"BY HAND, DIVING GEAR","BHD"
0,0,0,0,0,0,0,0,0,0,0,0,0,0,0,0,25.321462647130005,0,0,0,0,0,0,0,0,0,0,0,0,0,25.743836117408765,0,0,0,0,0,0,0,0,0,0,0,0,0,0,0,0,0,0,0,0,0,0,0,0,0,0,0,0,0,0,0,0,0,0,0,0,0,0,0,0,0,0,0,0,0,0,0,0,0,0,0,0,0,0,0,0,0,0,0,0,0,0,0,0,0,0,0,0,0,0,0,0,0,0,0,0,0,0,0,0,0,0,0,0,0,0,0,0,0,0,0,0,,1991,"PR-North","PR-North-1991","LUQUILLO","LUQ",18.3679603,-65.7099453,"BY HAND, DIVING GEAR","BHD"
0,0,0,0,0,0,0,0,0,0,0,0,14.317821063276353,0,0,0,0,0,0,0,0,0,0,0,0,0,0,0,0,0,0,0,0,0,0,0,0,0,0,0,0,0,0,0,0,0,0,0,0,0,0,0,0,0,0,0,0,0,0,0,0,0,0,0,0,0,0,0,0,0,0,0,0,0,0,0,0,0,0,0,0,0,0,0,0,0,0,0,0,0,0,0,0,0,0,0,0,0,0,0,0,0,0,0,0,0,0,0,0,0,0,0,0,0,0,0,0,0,0,0,0,0,0,,1992,"PR-North","PR-North-1992","CATANO","CAT",18.4419335,-66.145498,"BY HAND, DIVING GEAR","BHD"
0,0,0,0,0,0,0,0,0,0,0,0,0,0,0,0,16.278820596099706,0,0,0,0,0,0,0,0,0,0,0,0,0,0,0,0,0,0,0,0,0,0,0,0,0,0,0,0,0,0,0,0,0,0,0,0,0,0,0,0,0,0,0,0,0,0,0,0,0,0,0,0,0,0,0,0,0,0,0,0,0,0,0,0,0,0,0,0,0,0,0,0,0,0,0,0,0,0,0,0,0,0,0,0,0,0,0,0,0,0,0,0,0,0,0,0,0,0,0,0,0,0,0,0,0,0,,1992,"PR-North","PR-North-1992","LUQUILLO","LUQ",18.3679603,-65.7099453,"BY HAND, DIVING GEAR","BHD"
0,0,0,0,0,0,0,0,0,0,0,0,19.192012227486728,0,0,0,0,0,0,0,0,0,0,0,0,0,0,0,0,0,0,0,0,0,0,0,0,0,0,0,0,0,0,0,0,0,0,0,0,0,0,0,0,0,0,0,0,0,0,0,0,0,0,0,0,0,0,0,0,0,0,0,0,0,0,0,0,0,0,0,0,0,0,0,0,0,0,0,0,0,0,0,0,0,0,0,0,0,0,0,0,0,0,0,0,0,0,0,0,0,0,0,0,0,0,0,0,0,0,0,0,0,0,,1993,"PR-North","PR-North-1993","CAROLINA","CAR",18.3967757,-65.9687781,"BY HAND, DIVING GEAR","BHD"
0,0,0,0,0,0,0,0,0,0,0,0,0,0,0,0,0,0,0,0,0,0,10.878112581233934,0,0,0,0,0,0,0,0,0,0,0,0,0,0,0,0,0,0,0,0,0,0,0,0,0,0,0,0,0,0,0,0,0,0,0,0,0,0,0,0,0,0,0,0,0,0,0,0,0,0,0,0,0,0,0,0,0,0,0,0,0,0,0,0,0,0,0,0,0,0,0,0,0,0,0,0,0,0,0,0,0,0,0,0,0,0,0,0,0,0,0,0,0,0,0,0,0,0,0,0,,1993,"PR-North","PR-North-1993","CATANO","CAT",18.4419335,-66.145498,"BY HAND, DIVING GEAR","BHD"
0,0,0,0,0,0,0,0,0,0,0,0,19.162137145944865,0,0,0,20.19436802675439,0,0,0,0,0,0,0,0,0,0,0,0,0,0,0,0,0,0,0,0,0,0,0,0,0,0,0,0,0,0,0,0,0,0,0,0,0,0,0,0,0,0,0,0,0,0,0,0,0,0,0,0,0,0,0,0,0,0,0,0,0,0,0,0,0,0,0,0,0,0,0,0,0,0,0,0,0,0,0,0,0,0,0,0,0,0,0,0,0,0,0,0,0,0,0,0,0,0,0,0,0,0,0,0,0,0,,1994,"PR-North","PR-North-1994","CAROLINA","CAR",18.3967757,-65.9687781,"BY HAND, DIVING GEAR","BHD"
0,0,0,0,0,0,0,0,0,0,0,0,14.306903927824496,0,0,0,0,0,0,0,0,0,0,0,0,0,0,0,0,0,0,0,0,0,0,0,0,0,0,0,0,0,0,0,0,0,0,0,0,0,0,0,0,0,0,0,0,0,0,0,0,0,0,0,0,0,0,0,0,0,0,0,0,0,0,0,0,0,0,0,0,0,0,0,0,0,0,0,0,0,0,0,0,0,0,0,0,0,0,0,0,0,0,0,0,0,0,0,0,0,0,0,0,0,0,0,0,0,0,0,0,0,0,,1994,"PR-North","PR-North-1994","CATANO","CAT",18.4419335,-66.145498,"BY HAND, DIVING GEAR","BHD"
0,0,0,0,0,0,10.077822185373186,0,0,0,0,0,45,0,0,0,27.128168017763382,0,0,0,0,0,0,0,0,0,0,0,0,0,0,0,0,0,0,0,0,0,0,0,0,0,0,0,0,0,0,0,0,0,0,0,0,0,0,0,0,0,0,0,0,0,0,0,0,0,0,0,0,0,0,0,0,0,0,0,0,0,0,0,0,0,0,0,0,0,0,0,0,0,0,0,0,0,0,0,0,0,0,0,0,0,0,0,0,0,0,0,0,0,0,0,0,0,0,0,0,0,0,0,0,0,0,,1994,"PR-North","PR-North-1994","LOIZA","LOI",18.4750387,-65.90328,"BY HAND, DIVING GEAR","BHD"
19.803724397193573,0,13.050383136138187,0,0,0,0,0,0,0,0,0,17.1846588560844,33.8886042793149,0,0,0,0,0,0,0,0,23.351927115336757,0,0,0,0,0,0,0,0,0,0,0,0,0,0,0,0,0,0,0,0,0,0,0,0,0,0,0,0,0,0,0,0,0,0,0,0,0,0,0,0,0,0,0,0,0,0,0,0,0,0,0,0,0,0,0,0,0,0,0,0,0,0,0,0,0,0,0,0,0,0,0,0,0,0,0,0,0,0,0,0,0,0,0,0,0,0,0,0,0,0,0,0,0,0,0,0,0,0,0,0,,1994,"PR-North","PR-North-1994","SAN JUAN","SJU",18.4223633,-66.0680934,"BY HAND, DIVING GEAR","BHD"
0,0,0,0,0,0,0,0,0,0,0,0,16.010559895643876,0,0,0,0,0,0,0,0,0,0,0,0,0,0,0,0,0,0,0,0,0,0,0,0,0,0,0,0,0,0,0,0,0,0,0,0,0,0,0,0,0,0,0,0,0,0,0,0,0,0,0,0,0,0,0,0,0,0,0,0,0,0,0,0,0,0,0,0,0,0,0,0,0,0,0,0,0,0,0,0,0,0,0,0,0,0,0,0,0,0,0,0,0,0,0,0,0,0,0,0,0,0,0,0,0,0,0,0,0,0,,1995,"PR-North","PR-North-1995","CATANO","CAT",18.4419335,-66.145498,"BY HAND, DIVING GEAR","BHD"
0,0,0,0,0,0,0,0,0,0,0,0,13.78915679329233,12.615662074580152,12.615662074580152,0,0,0,0,0,0,0,0,0,0,0,0,0,0,0,0,0,0,0,0,0,0,0,0,0,0,0,0,0,0,0,0,0,0,0,0,0,0,0,0,0,0,0,0,0,0,0,0,0,0,0,0,0,0,0,0,0,0,0,0,0,0,0,0,0,0,0,0,0,0,0,0,0,0,0,0,0,0,0,0,0,0,0,0,0,0,0,0,0,0,0,0,0,0,0,0,0,0,0,0,0,0,0,0,0,0,0,0,,1995,"PR-North","PR-North-1995","DORADO","DOR",18.4732598,-66.2603935,"BY HAND, DIVING GEAR","BHD"
0,0,0,0,0,0,0,0,0,0,0,0,28.00905286238719,0,0,0,25.370494118759296,0,0,0,0,0,0,0,0,0,0,0,0,0,0,0,0,0,0,0,0,0,0,0,0,0,0,0,0,0,0,0,0,0,0,0,0,0,0,0,0,0,0,0,0,0,0,0,0,0,0,0,0,0,0,0,0,0,0,0,0,0,0,0,0,0,0,0,0,0,0,0,0,0,0,0,0,0,0,0,0,0,0,0,0,0,0,0,0,0,0,0,0,0,0,0,0,0,0,0,0,0,0,0,0,0,0,,1995,"PR-North","PR-North-1995","LOIZA","LOI",18.4750387,-65.90328,"BY HAND, DIVING GEAR","BHD"
0,0,0,0,0,0,0,0,0,0,0,0,36.19197638911144,9.858148842049403,0,0,22.107292786996783,0,0,0,0,0,11.00576033538801,0,0,0,0,0,0,0,0,0,0,0,0,0,0,0,0,0,0,0,0,0,0,0,0,0,0,0,0,0,0,0,0,0,0,0,0,0,0,0,0,0,0,0,0,0,0,0,0,0,0,0,0,0,0,0,0,0,0,0,0,0,0,0,0,0,0,0,0,0,0,0,0,0,0,0,0,0,0,0,0,0,0,0,0,0,0,0,0,0,0,0,0,0,0,0,0,0,0,0,0,,1995,"PR-North","PR-North-1995","RIO GRANDE","RGR",18.3763694,-65.7984341,"BY HAND, DIVING GEAR","BHD"
0,0,0,0,0,0,0,0,0,0,0,0,18.500095165160637,0,0,0,0,0,0,0,0,0,0,0,0,0,0,0,0,0,0,0,0,0,0,0,0,0,0,0,0,0,0,0,0,0,0,0,0,0,0,0,0,0,0,0,0,0,0,0,0,0,0,0,0,0,0,0,0,0,0,0,0,0,0,0,0,0,0,0,0,0,0,0,0,0,0,0,0,0,0,0,0,0,0,0,0,0,0,0,0,0,0,0,0,0,0,0,0,0,0,0,0,0,0,0,0,0,0,0,0,0,0,,1995,"PR-North","PR-North-1995","SAN JUAN","SJU",18.4223633,-66.0680934,"BY HAND, DIVING GEAR","BHD"
0,0,0,0,0,0,0,0,0,0,0,0,0,0,8.222264517941515,0,0,0,0,0,0,0,0,0,0,0,0,0,0,0,0,0,0,0,0,0,0,0,0,0,0,0,0,0,0,0,0,0,0,0,0,0,0,0,0,0,0,0,0,0,0,0,0,0,0,0,0,0,0,0,0,0,0,0,0,0,0,0,0,0,0,0,0,0,0,0,0,0,0,0,0,0,0,0,0,0,0,0,0,0,0,0,0,0,0,0,0,0,0,0,0,0,0,0,0,0,0,0,0,0,0,0,0,,1995,"PR-North","PR-North-1995","VEGA ALTA","VAL",18.4360963,-66.3362631,"BY HAND, DIVING GEAR","BHD"
0,0,0,0,0,0,0,0,0,0,0,0,28.059293356462135,0,0,0,0,26.270531876420012,0,0,0,0,0,0,0,0,0,0,0,0,0,0,0,0,0,0,0,0,0,0,0,0,0,0,0,0,0,0,0,0,0,0,0,0,0,0,0,0,0,0,0,0,0,0,0,0,0,0,0,0,0,0,0,0,0,0,0,0,0,0,0,0,0,0,0,0,0,0,0,0,0,0,0,0,0,0,0,0,0,0,0,0,0,0,0,0,0,0,0,0,0,0,0,0,0,0,0,0,0,0,0,0,0,,1996,"PR-North","PR-North-1996","ISABELA","ISA",18.4852958,-67.013989,"BY HAND, DIVING GEAR","BHD"
0,0,0,0,0,0,0,0,0,0,0,0,42.98705995913189,0,10.548346108750888,0,39.50396663981986,10.812095469889266,0,0,0,0,9.929327736357582,0,0,0,0,0,0,0,0,0,0,0,0,0,0,0,0,0,0,0,0,0,0,0,0,0,0,0,0,0,0,0,0,0,0,0,0,0,0,0,0,0,0,0,0,0,0,0,0,0,0,0,0,0,0,0,0,0,0,0,0,0,0,0,0,0,0,0,0,0,0,0,0,0,0,0,0,0,0,0,0,0,0,0,0,0,0,0,0,0,0,0,0,0,0,0,0,0,0,0,0,,1996,"PR-North","PR-North-1996","RIO GRANDE","RGR",18.3763694,-65.7984341,"BY HAND, DIVING GEAR","BHD"
0,0,0,0,0,0,15.058571093566615,0,0,0,0,0,23.64645701960444,26.00108340108158,7.872218936615012,0,0,0,0,0,0,0,11.258799375599514,0,0,0,0,0,0,0,0,0,0,0,0,0,0,0,0,0,0,0,0,0,0,0,0,0,0,0,0,0,0,0,0,0,0,0,0,0,0,0,0,0,0,0,0,0,0,0,0,0,0,0,0,0,0,0,0,0,0,0,0,0,0,0,0,0,0,0,0,0,0,0,0,0,0,0,0,0,0,0,0,0,0,0,0,0,0,0,0,0,0,0,0,0,0,0,0,0,0,0,0,,1996,"PR-North","PR-North-1996","SAN JUAN","SJU",18.4223633,-66.0680934,"BY HAND, DIVING GEAR","BHD"
0,0,0,0,0,0,0,0,0,0,0,0,25.670495884867513,0,0,0,0,0,0,0,0,0,0,0,0,0,0,0,0,0,0,0,0,0,0,0,0,0,0,0,0,0,0,0,0,0,0,0,0,0,0,0,0,0,0,0,0,0,0,0,0,0,0,0,0,0,0,0,0,0,0,0,0,0,0,0,0,0,0,0,0,0,0,0,0,0,0,0,0,0,0,0,0,0,0,0,0,0,0,0,0,0,0,0,0,0,0,0,0,0,0,0,0,0,0,0,0,0,0,0,0,0,0,,1997,"PR-North","PR-North-1997","CATANO","CAT",18.4419335,-66.145498,"BY HAND, DIVING GEAR","BHD"
0,0,0,0,0,0,0,0,0,0,0,0,26.55425022728,0,0,0,0,15.730095277270255,0,0,0,0,0,0,0,0,0,0,0,0,0,0,0,0,0,0,0,0,0,0,0,0,0,0,0,0,0,0,0,0,0,0,0,0,0,0,0,0,0,0,0,0,0,0,0,0,0,0,0,0,0,0,0,0,0,0,0,0,0,0,0,0,0,0,0,0,0,0,0,0,0,0,0,0,0,0,0,0,0,0,0,0,0,0,0,0,0,0,0,0,0,0,0,0,0,0,0,0,0,0,0,0,0,,1997,"PR-North","PR-North-1997","ISABELA","ISA",18.4852958,-67.013989,"BY HAND, DIVING GEAR","BHD"
0,0,0,0,0,0,0,0,0,0,0,0,11.37924336192877,0,0,0,0,0,0,0,0,0,0,0,0,0,0,0,0,0,0,0,0,0,0,0,0,0,0,0,0,0,0,0,0,0,0,0,0,0,0,0,0,0,0,0,0,0,0,0,0,0,0,0,0,0,0,0,0,0,0,0,0,0,0,0,0,0,0,0,0,0,0,0,0,0,0,0,0,0,0,0,0,0,0,0,0,0,0,0,0,0,0,0,0,0,0,0,0,0,0,0,0,0,0,0,0,0,0,0,0,0,0,,1997,"PR-North","PR-North-1997","LOIZA","LOI",18.4750387,-65.90328,"BY HAND, DIVING GEAR","BHD"
0,0,0,0,0,0,0,0,0,0,0,0,25.242414448344675,0,0,0,34.100154146572415,0,0,0,0,0,0,0,0,0,0,0,0,0,0,0,0,0,0,0,0,0,0,0,0,0,0,0,0,0,0,0,0,0,0,0,0,0,0,0,0,0,0,0,0,0,0,0,0,0,0,0,0,0,0,0,0,0,0,0,0,0,0,0,0,0,0,0,0,0,0,0,0,0,0,0,0,0,0,0,0,0,0,0,0,0,0,0,0,0,0,0,0,0,0,0,0,0,0,0,0,0,0,0,0,0,0,,1997,"PR-North","PR-North-1997","RIO GRANDE","RGR",18.3763694,-65.7984341,"BY HAND, DIVING GEAR","BHD"
0,0,0,0,0,0,0,0,0,0,0,0,19.774368284043867,0,0,0,0,0,0,0,0,0,0,0,0,0,0,0,0,0,0,0,0,0,0,0,0,0,0,0,0,0,0,0,0,0,0,0,0,0,0,0,0,0,0,0,0,0,0,0,0,0,0,0,0,0,0,0,0,0,0,0,0,0,0,0,0,0,0,0,0,0,0,0,0,0,0,0,0,0,0,0,0,0,0,0,0,0,0,0,0,0,0,0,0,0,0,0,0,0,0,0,0,0,0,0,0,0,0,0,0,0,0,,1997,"PR-North","PR-North-1997","SAN JUAN","SJU",18.4223633,-66.0680934,"BY HAND, DIVING GEAR","BHD"
0,0,0,0,0,0,0,0,0,0,0,0,11.266014242978747,0,0,0,0,0,0,0,0,0,0,0,0,0,0,0,0,0,0,0,0,0,0,0,0,0,0,0,0,0,0,0,0,0,0,0,0,0,0,0,0,0,0,0,0,0,0,0,0,0,0,0,0,0,0,0,0,0,0,0,0,0,0,0,0,0,0,0,0,0,0,0,0,0,0,0,0,0,0,0,0,0,0,0,0,0,0,0,0,0,0,0,0,0,0,0,0,0,0,0,0,0,0,0,0,0,0,0,0,0,0,,1997,"PR-North","PR-North-1997","VEGA ALTA","VAL",18.4360963,-66.3362631,"BY HAND, DIVING GEAR","BHD"
0,0,0,0,0,0,0,0,0,0,0,0,7.925939239042903,0,0,0,0,0,0,0,0,0,0,0,0,0,0,0,0,0,0,0,0,0,0,0,0,0,0,0,0,0,0,0,0,0,0,0,0,0,0,0,0,0,0,0,0,0,0,0,0,0,0,0,0,0,0,0,0,0,0,0,0,0,0,0,0,0,0,0,0,0,0,0,0,0,0,0,0,0,0,0,0,0,0,0,0,0,0,0,0,0,0,0,0,0,0,0,0,0,0,0,0,0,0,0,0,0,0,0,0,0,0,,1998,"PR-North","PR-North-1998","ARECIBO","ARE",18.4339836,-66.6753225,"BY HAND, DIVING GEAR","BHD"
0,0,0,0,0,0,0,0,0,0,0,0,28.889710705041683,0,0,0,0,13.204505835509332,0,0,0,0,0,0,0,0,0,0,0,0,0,0,0,0,0,0,0,0,0,0,0,0,0,0,0,0,0,0,0,0,0,0,0,0,0,0,0,0,0,0,0,0,0,0,0,0,0,0,0,0,0,0,0,0,0,0,0,0,0,0,0,0,0,0,0,0,0,0,0,0,0,0,0,0,0,0,0,0,0,0,0,0,0,0,0,0,0,0,0,0,0,0,0,0,0,0,0,0,0,0,0,0,0,,1998,"PR-North","PR-North-1998","ISABELA","ISA",18.4852958,-67.013989,"BY HAND, DIVING GEAR","BHD"
0,0,0,0,0,0,0,0,0,0,0,0,32.91402943032044,0,20.475125621836852,0,0,0,0,0,0,0,0,0,0,0,0,0,0,0,0,0,0,0,0,0,0,0,0,0,0,0,0,0,0,0,0,0,0,0,0,0,0,0,0,0,0,0,0,0,0,0,0,0,0,0,0,0,0,0,0,0,0,0,0,0,0,0,0,0,0,0,0,0,0,0,0,0,0,0,0,0,0,0,0,0,0,0,0,0,0,0,0,0,0,0,0,0,0,0,0,0,0,0,0,0,0,0,0,0,0,0,0,,1998,"PR-North","PR-North-1998","MANATI","MAN",18.4498424,-66.4873151,"BY HAND, DIVING GEAR","BHD"
0,0,0,0,0,0,16.251232694783493,0,0,0,0,0,48.885003730581836,26.017745423671897,4.668497809252994,0,21.92645048273888,0,0,21.809195896203967,0,0,23.588350014678856,0,0,0,0,0,0,0,0,0,0,0,0,0,0,0,0,0,0,0,0,0,0,0,0,0,0,0,0,0,0,0,0,0,0,0,0,0,0,0,0,0,0,0,0,0,0,0,0,0,0,0,0,0,0,0,0,0,0,0,0,0,0,0,0,0,0,0,0,0,0,0,0,0,0,0,0,0,0,0,0,0,0,0,0,0,0,0,0,0,0,0,0,0,0,0,0,0,0,0,0,,1998,"PR-North","PR-North-1998","SAN JUAN","SJU",18.4223633,-66.0680934,"BY HAND, DIVING GEAR","BHD"
0,0,0,0,0,0,0,0,0,0,0,0,0,0,0,0,0,0,0,0,0,0,7.679476477859672,0,0,0,0,0,0,0,0,0,0,0,0,0,0,0,0,0,0,0,0,0,0,0,0,0,0,0,0,0,0,0,0,0,0,0,0,0,0,0,0,0,0,0,0,0,0,0,0,0,0,0,0,0,0,0,0,0,0,0,0,0,0,0,0,0,0,0,0,0,0,0,0,0,0,0,0,0,0,0,0,0,0,0,0,0,0,0,0,0,0,0,0,0,0,0,0,0,0,0,0,,1998,"PR-North","PR-North-1998","VEGA BAJA","VBA",18.4550266,-66.3977734,"BY HAND, DIVING GEAR","BHD"
0,0,0,0,0,0,0,0,0,0,0,0,17.504578155842545,13.252962900423437,13.54006400771429,0,16.4082530828239,9.473309334335072,0,13.492638068591331,0,0,7.250110520812769,0,0,0,0,0,0,0,0,0,0,0,0,0,0,0,0,0,0,0,0,0,0,0,0,0,0,0,0,0,0,0,0,0,0,0,0,0,0,0,0,0,0,0,0,0,0,0,0,0,0,0,0,0,0,0,0,0,0,0,0,0,0,0,0,0,0,0,0,0,0,0,0,0,0,0,0,0,0,0,0,0,0,0,0,0,0,0,0,0,0,0,0,0,0,0,0,0,0,0,0,,1999,"PR-North","PR-North-1999","DORADO","DOR",18.4732598,-66.2603935,"BY HAND, DIVING GEAR","BHD"
0,0,0,0,0,0,0,0,0,0,0,0,14.411533842377779,0,0,0,0,0,0,0,0,0,0,0,0,0,0,0,0,0,0,0,0,0,0,0,0,0,0,0,0,0,0,0,0,0,0,0,0,0,0,0,0,0,0,0,0,0,0,0,0,0,0,0,0,0,0,0,0,0,0,0,0,0,0,0,0,0,0,0,0,0,0,0,0,0,0,0,0,0,0,0,0,0,0,0,0,0,0,0,0,0,0,0,0,0,0,0,0,0,0,0,0,0,0,0,0,0,0,0,0,0,0,,1999,"PR-North","PR-North-1999","SAN JUAN","SJU",18.4223633,-66.0680934,"BY HAND, DIVING GEAR","BHD"
0,0,0,0,0,0,0,0,0,0,0,0,65.34657939479311,0,0,0,0,24.885703639238333,0,14.20402710360692,0,0,13.112201362090195,0,0,0,0,0,0,0,0,0,0,0,0,0,0,0,0,0,0,0,0,0,0,0,0,0,0,0,0,0,0,0,0,0,0,0,0,0,0,0,0,0,0,0,0,0,0,0,0,0,0,0,0,0,0,0,0,0,0,0,0,0,0,0,0,0,0,0,0,0,0,0,0,0,0,0,0,0,0,0,0,0,0,0,0,0,0,0,0,0,0,0,0,0,0,0,0,0,0,0,0,,2000,"PR-North","PR-North-2000","VEGA BAJA","VBA",18.4550266,-66.3977734,"BY HAND, DIVING GEAR","BHD"
0,0,0,0,0,0,0,0,0,0,0,0,19.852396506694095,0,0,0,0,0,0,0,0,0,0,0,0,0,0,0,0,0,0,0,0,0,0,0,0,0,0,0,0,0,0,0,0,0,0,0,0,0,0,0,0,0,0,0,0,0,0,0,0,0,0,0,0,0,0,0,0,0,0,0,0,0,0,0,0,0,0,0,0,0,0,0,0,0,0,0,0,0,0,0,0,0,0,0,0,0,0,0,0,0,0,0,0,0,0,0,0,0,0,0,0,0,0,0,0,0,0,0,0,0,0,,2001,"PR-North","PR-North-2001","ARECIBO","ARE",18.4339836,-66.6753225,"BY HAND, DIVING GEAR","BHD"
0,0,0,0,0,0,0,0,0,0,0,0,14.450727642925113,0,0,0,0,0,0,0,0,0,0,0,0,0,0,0,0,0,0,0,0,0,0,0,0,0,0,0,0,0,0,0,0,0,0,0,0,0,0,0,0,0,0,0,0,0,0,0,0,0,0,0,0,0,0,0,0,0,0,0,0,0,0,0,0,0,0,0,0,0,0,0,0,0,0,0,0,0,0,0,0,0,0,0,0,0,0,0,0,0,0,0,0,0,0,0,0,0,0,0,0,0,0,0,0,0,0,0,0,0,0,,2001,"PR-North","PR-North-2001","CATANO","CAT",18.4419335,-66.145498,"BY HAND, DIVING GEAR","BHD"
0,0,0,0,0,0,0,0,0,0,0,0,37.86586232228179,0,0,0,0,0,0,0,0,0,0,0,0,0,0,0,0,0,0,0,0,0,0,0,0,0,0,0,0,0,0,0,0,0,0,0,0,5.940885257855095,0,0,0,0,0,19.666334327474452,0,0,0,0,0,0,0,0,0,0,0,0,0,0,0,0,0,0,0,0,0,0,0,0,0,0,0,0,0,0,0,0,0,0,0,0,0,0,0,0,0,0,0,0,0,0,0,0,0,0,0,0,0,0,0,0,0,0,0,0,0,0,0,0,0,0,0,,2001,"PR-North","PR-North-2001","ISABELA","ISA",18.4852958,-67.013989,"BY HAND, DIVING GEAR","BHD"
0,0,0,0,0,0,0,0,0,0,0,0,23.825344883547857,0,0,0,0,0,0,14.852213144511493,0,0,0,0,0,0,0,0,0,0,0,0,0,0,0,0,0,0,0,0,0,0,0,0,0,0,0,0,0,0,0,0,0,0,0,0,0,0,0,0,0,0,0,0,0,0,0,0,0,0,0,0,0,0,0,0,0,0,0,0,0,0,0,0,0,0,0,0,0,0,0,0,0,0,0,0,0,0,0,0,0,0,0,0,0,0,0,0,0,0,0,0,0,0,0,0,0,0,0,0,0,0,0,,2001,"PR-North","PR-North-2001","SAN JUAN","SJU",18.4223633,-66.0680934,"BY HAND, DIVING GEAR","BHD"
0,0,0,0,0,0,0,0,0,0,0,0,12.602520756182074,0,0,0,0,10.84652289077011,0,0,0,0,0,0,0,0,0,0,0,0,0,0,0,0,0,0,0,0,0,0,0,0,0,0,0,0,0,0,0,0,0,0,0,0,0,0,0,0,0,0,0,0,0,0,0,0,0,0,0,0,0,0,0,0,0,0,0,0,0,0,0,0,0,0,0,0,0,0,0,0,0,0,0,0,0,0,0,0,0,0,0,0,0,0,0,0,0,0,0,0,0,0,0,0,0,0,0,0,0,0,0,0,0,,2001,"PR-North","PR-North-2001","VEGA ALTA","VAL",18.4360963,-66.3362631,"BY HAND, DIVING GEAR","BHD"
0,0,0,0,0,0,0,0,0,0,0,0,17.48949264392767,0,0,0,0,0,0,18.149704259298552,0,0,0,0,0,0,0,0,0,0,0,0,0,0,0,0,0,0,0,0,0,0,0,0,0,0,0,0,0,0,0,0,0,0,0,0,0,0,0,0,0,0,0,0,0,0,0,0,0,0,0,0,0,0,0,0,0,0,0,0,0,0,0,0,0,0,0,0,0,0,0,0,0,0,0,0,0,0,0,0,0,0,0,0,0,0,0,0,0,0,0,0,0,0,0,0,0,0,0,0,0,0,0,,2001,"PR-North","PR-North-2001","VEGA BAJA","VBA",18.4550266,-66.3977734,"BY HAND, DIVING GEAR","BHD"
0,0,0,0,0,0,0,0,0,0,0,0,27.513210357771772,0,0,0,0,0,0,0,0,0,0,0,0,0,0,0,0,0,0,0,0,0,0,0,0,0,0,0,0,0,0,0,0,0,0,0,0,0,0,0,0,0,0,0,0,0,0,0,0,0,0,0,0,0,0,0,0,0,0,0,0,0,0,0,0,0,0,0,0,0,0,0,0,0,0,0,0,0,0,0,0,0,0,0,0,0,0,0,0,0,0,0,0,0,0,0,0,0,0,0,0,0,0,0,0,0,0,0,0,0,0,,2002,"PR-North","PR-North-2002","CATANO","CAT",18.4419335,-66.145498,"BY HAND, DIVING GEAR","BHD"
0,0,0,0,0,0,6.287677132375675,0,0,0,0,0,37.6025728954815,10.943831224027534,0,0,0,0,0,12.48254595385092,0,0,12.152136380241954,0,0,0,0,0,0,0,0,0,0,0,0,0,0,0,0,0,0,0,0,0,0,0,0,0,0,0,0,0,0,0,0,0,0,0,0,0,0,0,0,0,0,0,0,0,0,0,0,0,0,0,0,0,0,0,0,0,0,0,0,0,0,0,0,0,0,0,0,0,0,0,0,0,0,0,0,0,0,0,0,0,0,0,0,0,0,0,0,0,0,0,0,0,0,0,0,0,0,0,0,,2002,"PR-North","PR-North-2002","SAN JUAN","SJU",18.4223633,-66.0680934,"BY HAND, DIVING GEAR","BHD"
0,0,0,0,0,0,0,0,0,0,0,0,10.399016053454288,0,0,0,0,10.890576254725918,0,10.943831224027534,0,0,0,0,0,0,0,0,0,0,0,0,0,0,0,0,0,0,0,0,0,0,0,0,0,0,0,0,0,0,0,0,0,0,0,0,0,0,0,0,0,0,0,0,0,0,0,0,0,0,0,0,0,0,0,0,0,0,0,0,0,0,0,0,0,0,0,0,0,0,0,0,0,0,0,0,0,0,0,0,0,0,0,0,0,0,0,0,0,0,0,0,0,0,0,0,0,0,0,0,0,0,0,,2002,"PR-North","PR-North-2002","VEGA BAJA","VBA",18.4550266,-66.3977734,"BY HAND, DIVING GEAR","BHD"
0,0,0,0,0,0,0,0,0,0,0,0,32.38857217973648,13.576219116160434,0,0,0,0,0,0,0,0,10.84652289077011,0,0,0,0,0,0,0,0,0,0,0,0,0,0,0,0,0,0,0,0,0,0,0,0,0,0,0,0,0,0,0,0,0,0,0,0,0,0,0,0,0,0,0,0,0,0,0,0,0,0,0,0,0,0,0,0,0,0,0,0,0,0,0,0,0,0,0,0,0,0,0,0,0,0,0,0,0,0,0,0,0,0,0,0,0,0,0,0,0,0,0,0,0,0,0,0,0,0,0,0,,2003,"PR-North","PR-North-2003","CATANO","CAT",18.4419335,-66.145498,"BY HAND, DIVING GEAR","BHD"
0,0,0,0,0,0,0,0,0,0,0,0,0,0,0,0,21.143765594850883,0,0,0,0,0,0,0,0,0,0,0,0,0,0,0,0,0,0,0,0,0,0,0,0,0,0,0,0,0,0,0,0,0,0,0,0,0,0,0,0,0,0,0,0,0,0,0,0,0,0,0,0,0,0,0,0,0,0,0,0,0,0,0,0,0,0,0,0,0,0,0,0,0,0,0,0,0,0,0,0,0,0,0,0,0,0,0,0,0,0,0,0,0,0,0,0,0,0,0,0,0,0,0,0,0,0,,2003,"PR-North","PR-North-2003","DORADO","DOR",18.4732598,-66.2603935,"BY HAND, DIVING GEAR","BHD"
0,0,0,0,0,0,0,0,0,0,0,0,13.060943124062673,0,0,0,0,0,0,0,0,0,0,0,0,0,0,0,0,0,0,0,0,0,0,0,0,0,0,0,0,0,0,0,0,0,0,0,0,0,0,0,0,0,0,0,0,0,0,0,0,0,0,0,0,0,0,0,0,0,0,0,0,0,0,0,0,0,0,0,0,0,0,0,0,0,0,0,0,0,0,0,0,0,0,0,0,0,0,0,0,0,0,0,0,0,0,0,0,0,0,0,0,0,0,0,0,0,0,0,0,0,0,,2003,"PR-North","PR-North-2003","SAN JUAN","SJU",18.4223633,-66.0680934,"BY HAND, DIVING GEAR","BHD"
0,0,0,0,0,0,0,0,0,0,0,0,26.267851073127396,0,0,0,0,0,0,0,0,0,0,0,0,0,0,0,0,0,0,0,0,0,0,0,0,0,0,0,0,0,0,0,0,0,0,0,0,0,0,0,0,0,0,0,0,0,0,0,0,0,0,0,0,0,0,0,0,0,0,0,0,0,0,0,0,0,0,0,0,0,0,0,0,0,0,0,0,0,0,0,0,0,0,0,0,0,0,0,0,0,0,0,0,0,0,0,0,0,0,0,0,0,0,0,0,0,0,0,0,0,0,,2004,"PR-North","PR-North-2004","CATANO","CAT",18.4419335,-66.145498,"BY HAND, DIVING GEAR","BHD"
0,0,0,0,0,0,0,0,0,0,0,0,60.27618097640228,0,0,0,0,0,0,0,0,0,0,0,0,0,0,0,0,0,0,0,0,0,0,0,0,0,0,0,0,0,0,0,0,0,0,0,0,0,0,0,0,0,0,0,0,0,0,0,0,0,0,0,0,0,0,0,0,0,0,0,0,0,0,0,0,0,0,0,0,0,0,0,0,0,0,0,0,0,0,0,0,0,0,0,0,0,0,0,0,0,0,0,0,0,0,0,0,0,0,0,0,0,0,0,0,0,0,0,0,0,0,,2008,"PR-North","PR-North-2008","SAN JUAN","SJU",18.4223633,-66.0680934,"BY HAND, DIVING GEAR","BHD"
0,0,0,0,0,0,0,0,0,0,0,0,21.320071635667645,0,0,0,0,0,0,0,0,0,0,0,0,0,0,0,0,0,0,0,0,0,0,0,0,0,0,0,0,0,0,0,0,0,0,0,0,0,0,0,0,0,0,0,0,0,0,0,0,0,0,0,0,0,0,0,0,0,0,0,0,0,0,0,0,0,0,0,0,0,0,0,0,0,0,0,0,0,0,0,0,0,0,0,0,0,0,0,0,0,0,0,0,0,0,0,0,0,0,0,0,0,0,0,0,0,0,0,0,0,0,,2009,"PR-North","PR-North-2009","SAN JUAN","SJU",18.4223633,-66.0680934,"BY HAND, DIVING GEAR","BHD"
0,0,0,0,0,0,0,0,0,0,0,0,19.274776985999086,10.126903750406637,14.917212199670553,0,0,24.766713404890847,0,0,0,0,0,0,0,0,0,0,0,0,0,0,0,0,0,0,0,0,0,0,0,0,0,0,0,0,0,0,0,0,0,0,0,0,0,0,0,0,0,0,0,0,0,0,0,0,0,0,0,0,0,0,0,0,0,0,0,0,0,0,0,0,0,0,0,0,0,0,0,0,0,0,0,0,0,0,0,0,0,0,0,0,0,0,0,0,0,0,0,0,0,0,0,0,0,0,0,0,0,0,0,0,0,,2011,"PR-North","PR-North-2011","CAMUY","CAM",18.4473241,-66.862637,"BY HAND, DIVING GEAR","BHD"
0,0,0,0,0,0,0,0,0,0,0,0,0,0,0,0,0,0,0,8.11107105652515,0,0,0,0,0,0,0,0,0,0,0,0,0,0,0,0,0,0,0,0,0,0,0,0,0,0,0,0,0,0,0,0,0,0,0,0,0,0,0,0,0,0,0,0,0,0,0,0,0,0,0,0,0,0,0,0,0,0,0,0,0,0,0,0,0,0,0,0,0,0,0,0,0,0,0,0,0,0,0,0,0,0,0,0,0,0,0,0,0,0,0,0,0,0,0,0,0,0,0,0,0,0,0,,2011,"PR-North","PR-North-2011","VEGA BAJA","VBA",18.4550266,-66.3977734,"BY HAND, DIVING GEAR","BHD"
0,0,0,0,0,0,14.59637389799261,0,0,0,0,0,0,0,0,0,0,0,0,0,0,0,0,0,0,0,0,0,0,0,0,0,0,0,0,0,0,0,0,0,0,0,0,0,0,0,0,0,0,0,0,0,0,0,0,0,0,0,0,0,0,0,0,0,0,0,0,0,0,0,0,0,0,0,0,0,0,0,0,0,0,0,0,0,0,0,0,0,0,0,0,0,0,0,0,0,0,0,0,0,0,0,0,0,0,0,0,0,0,0,0,0,0,0,0,0,0,0,0,0,0,0,0,,2012,"PR-North","PR-North-2012","SAN JUAN","SJU",18.4223633,-66.0680934,"SPEARS","BHD"
0,0,0,0,0,0,0,0,0,0,0,0,18.547568572457145,0,0,0,0,0,0,0,0,0,0,0,0,0,0,0,0,0,0,0,0,0,0,0,0,0,0,0,0,0,0,0,0,0,0,0,0,0,0,0,0,0,0,0,0,0,0,0,0,0,0,0,0,0,0,0,0,0,0,0,0,0,0,0,0,0,0,0,0,0,0,0,0,0,0,0,0,0,0,0,0,0,0,0,0,0,0,0,0,0,0,0,0,0,0,0,0,0,0,0,0,0,0,0,0,0,0,0,0,0,0,,2013,"PR-North","PR-North-2013","ARECIBO","ARE",18.4339836,-66.6753225,"BY HAND, DIVING GEAR","BHD"
0,0,0,0,0,0,0,0,0,0,0,0,0,12.975462984417936,0,0,0,0,0,0,0,0,0,0,0,0,0,0,0,0,0,0,0,0,0,0,0,0,0,0,0,0,0,0,0,0,0,0,0,0,0,0,0,0,0,0,0,0,0,0,0,0,0,0,0,0,0,0,0,0,0,0,0,0,0,0,0,0,0,0,0,0,0,0,0,0,0,0,0,0,0,0,0,0,0,0,0,0,0,0,0,0,0,0,0,0,0,0,0,0,0,0,0,0,0,0,0,0,0,0,0,0,0,,2014,"PR-North","PR-North-2014","DORADO","DOR",18.4732598,-66.2603935,"BY HAND, DIVING GEAR","BHD"
0,0,0,0,0,0,0,0,0,0,0,0,0,12.268233542772162,0,0,0,0,0,12.268233542568385,0,0,0,0,0,0,0,0,0,0,0,0,0,0,0,0,0,0,0,0,0,0,0,0,0,0,0,0,7.984060557072447,0,0,0,0,0,0,0,0,0,0,0,0,0,0,0,0,0,0,0,0,0,0,0,0,0,0,0,0,0,0,0,0,0,0,0,0,0,0,0,0,0,0,0,0,0,0,0,0,0,0,0,0,0,0,0,0,0,0,0,0,0,0,0,0,0,0,0,0,0,0,0,0,0,0,,2015,"PR-North","PR-North-2015","DORADO","DOR",18.4732598,-66.2603935,"BY HAND, DIVING GEAR","BHD"
0,0,0,0,0,0,0,0,0,0,0,0,0,14.454849543319364,0,0,0,0,0,0,0,0,0,0,0,0,0,0,0,0,0,0,0,0,0,0,0,0,0,0,0,0,0,0,0,0,0,0,0,0,0,0,0,0,0,0,0,0,0,0,0,0,0,0,0,0,0,0,0,0,0,0,0,0,0,0,0,0,0,0,0,0,0,0,0,0,0,0,0,0,0,0,0,0,0,0,0,0,0,0,0,0,0,0,0,0,0,0,0,0,0,0,0,0,0,0,0,0,0,0,0,0,0,,2015,"PR-North","PR-North-2015","DORADO","DOR",18.4732598,-66.2603935,"SPEARS","BHD"
0,0,0,0,0,0,0,0,0,0,0,0,24.136290311479105,0,0,0,11.600571042409939,11.291166722708509,0,0,0,0,0,0,0,0,0,0,0,0,0,0,0,0,0,0,0,0,0,0,0,0,0,0,0,0,0,0,0,0,0,0,0,0,0,0,0,0,0,0,0,0,0,0,0,0,0,0,0,0,0,0,0,0,0,0,0,0,0,0,0,0,0,0,0,0,0,0,0,0,0,0,0,0,0,0,0,0,0,0,0,0,0,0,0,0,0,0,0,0,0,0,0,0,0,0,0,0,0,0,0,0,0,,2015,"PR-North","PR-North-2015","LUQUILLO","LUQ",18.3679603,-65.7099453,"BY HAND, DIVING GEAR","BHD"
0,0,0,0,0,0,0,0,0,0,0,0,0,11.984570668989356,0,0,0,0,0,0,0,0,0,0,0,0,0,0,0,0,0,0,0,0,0,0,0,0,0,0,0,0,0,0,0,0,0,0,0,0,0,0,0,0,0,0,0,0,0,0,0,0,0,0,0,0,0,0,0,0,0,0,0,0,0,0,0,0,0,0,0,0,0,0,0,0,0,0,0,0,0,0,0,0,0,0,0,0,0,0,0,0,0,0,0,0,0,0,0,0,0,0,0,0,0,0,0,0,0,0,0,0,0,,2016,"PR-North","PR-North-2016","DORADO","DOR",18.4732598,-66.2603935,"BY HAND, DIVING GEAR","BHD"
0,0,0,0,0,0,0,0,8.053889218135547,0,0,0,0,0,0,0,0,0,0,21.68576038902026,0,0,0,0,0,0,0,0,0,0,0,0,0,0,0,0,0,0,0,0,0,0,0,0,0,0,0,0,0,0,0,0,0,0,0,0,0,0,0,0,0,0,0,0,9.980696826775173,0,0,0,0,0,0,0,0,0,0,0,0,0,0,0,0,0,0,0,0,0,0,0,0,0,0,0,0,0,0,0,0,0,0,0,0,0,0,0,0,0,0,0,0,0,0,0,0,0,0,0,0,0,0,0,0,0,0,,2016,"PR-North","PR-North-2016","SAN JUAN","SJU",18.4223633,-66.0680934,"SPEARS","BHD"
0,0,0,0,0,0,0,0,0,0,0,0,16.179528361172956,0,0,0,0,0,0,0,0,0,0,0,0,0,0,0,0,0,0,0,0,0,0,0,0,0,0,0,0,0,0,0,0,0,0,0,0,0,0,0,0,0,0,0,0,0,0,0,0,0,0,0,0,0,0,0,0,0,0,0,0,0,0,0,0,0,0,0,0,0,0,0,0,0,0,0,0,0,0,0,0,0,0,0,0,0,0,0,0,0,0,0,0,0,0,0,0,0,0,0,0,0,0,0,0,0,0,0,0,0,0,,2017,"PR-North","PR-North-2017","ARECIBO","ARE",18.4339836,-66.6753225,"BY HAND, DIVING GEAR","BHD"
0,0,0,0,0,0,0,0,0,0,0,0,18.888044458333955,0,0,0,0,0,0,0,0,0,0,0,0,0,0,0,0,0,0,0,0,0,0,0,0,0,0,0,0,0,0,0,0,0,0,0,0,0,0,0,0,0,0,0,0,0,0,0,0,0,0,0,0,0,0,0,0,0,0,0,0,0,0,0,0,0,0,0,0,0,0,0,0,0,0,0,0,0,0,0,0,0,0,0,0,0,0,0,0,0,0,0,0,0,0,0,0,0,0,0,0,0,0,0,0,0,0,0,0,0,0,,2017,"PR-North","PR-North-2017","CAMUY","CAM",18.4473241,-66.862637,"BY HAND, DIVING GEAR","BHD"
0,0,0,0,0,0,0,0,0,0,0,0,0,0,0,0,0,0,0,15.447039185228993,0,0,0,0,0,0,0,0,0,0,0,0,0,0,0,0,0,0,0,0,0,0,0,0,0,0,0,0,0,0,0,0,0,0,0,0,0,0,0,0,0,0,0,0,0,0,0,0,0,0,0,0,0,0,0,0,0,0,0,0,0,0,0,0,0,0,0,0,0,0,0,0,0,0,0,0,0,0,0,0,0,0,0,0,0,0,0,0,0,0,0,0,0,0,0,0,0,0,0,0,0,0,0,,2017,"PR-North","PR-North-2017","SAN JUAN","SJU",18.4223633,-66.0680934,"BY HAND, DIVING GEAR","BHD"
0,0,0,0,0,0,0,0,0,0,0,0,0,23.969141337978712,0,0,0,0,0,16.46340139096414,0,0,24.25735780191239,0,0,0,0,0,0,0,0,0,0,0,0,0,0,0,0,0,0,0,0,0,0,0,0,0,0,0,0,0,0,0,0,0,0,0,0,0,0,0,0,0,0,0,0,0,0,0,0,0,0,0,0,0,0,0,0,0,0,0,0,0,0,0,0,0,0,0,0,0,0,0,0,0,0,0,0,0,0,0,0,0,0,0,0,0,0,0,0,0,0,0,0,0,0,0,0,0,0,0,0,,2017,"PR-North","PR-North-2017","SAN JUAN","SJU",18.4223633,-66.0680934,"SPEARS","BHD"
0,0,0,0,0,0,0,0,0,0,0,0,0,8.997036551053908,0,0,0,0,0,0,0,0,0,0,0,0,0,0,0,0,0,0,0,0,0,0,0,0,0,0,0,0,0,0,0,0,0,0,0,0,0,0,0,0,0,0,0,0,0,0,0,0,0,0,0,0,0,0,0,0,0,0,0,0,0,0,0,0,0,0,0,0,0,0,0,0,0,0,0,0,0,0,0,0,0,0,0,0,0,0,0,0,0,0,0,0,0,0,0,0,0,0,0,0,0,0,0,0,0,0,0,0,0,,2018,"PR-North","PR-North-2018","DORADO","DOR",18.4732598,-66.2603935,"SPEARS","BHD"
0,0,0,0,0,0,0,0,0,0,0,0,16.10727924116919,0,0,0,0,13.893403713633315,0,0,0,0,0,0,0,0,0,0,0,0,0,0,0,0,0,0,0,0,0,0,0,0,0,0,0,0,0,0,0,0,0,0,0,0,0,0,0,0,0,0,0,0,0,0,0,0,0,0,0,0,0,0,0,0,0,0,0,0,0,0,0,0,0,0,0,0,0,0,0,0,0,0,0,0,0,0,0,0,0,0,0,0,0,0,0,0,0,0,0,0,0,0,0,0,0,0,0,0,0,0,0,0,0,,2018,"PR-North","PR-North-2018","LUQUILLO","LUQ",18.3679603,-65.7099453,"BY HAND, DIVING GEAR","BHD"
0,0,0,0,0,0,14.762565272675342,0,0,0,0,0,0,49.383983019092334,6.361865555794149,0,0,0,0,16.985353171188404,0,0,25.32482313719091,0,0,0,0,0,0,0,0,0,0,0,0,0,0,0,0,0,0,0,0,0,0,0,0,0,0,0,0,0,0,0,0,0,0,0,0,0,0,0,0,0,0,0,0,0,0,0,0,0,0,0,0,0,0,0,0,0,0,0,0,0,0,0,0,0,0,0,0,0,0,0,0,0,0,0,0,0,0,0,0,0,0,0,0,0,0,0,0,0,0,0,0,0,0,0,0,0,0,0,10.033167221271656,,2018,"PR-North","PR-North-2018","SAN JUAN","SJU",18.4223633,-66.0680934,"SPEARS","BHD"
0,0,0,0,0,0,0,0,0,0,0,0,14.813422140072834,0,0,0,0,0,0,0,0,0,0,0,0,0,0,0,0,0,0,0,0,0,0,0,0,0,0,0,0,0,0,0,0,0,0,0,0,0,0,0,0,0,0,0,0,0,0,0,0,0,0,0,0,0,0,0,0,0,0,0,0,0,0,0,0,0,0,0,0,0,0,0,0,0,0,0,0,0,0,0,0,0,0,0,0,0,0,0,0,0,0,0,0,0,0,0,0,0,0,0,0,0,0,0,0,0,0,0,0,0,0,,2019,"PR-North","PR-North-2019","ARECIBO","ARE",18.4339836,-66.6753225,"BY HAND, DIVING GEAR","BHD"
0,0,0,0,0,0,0,0,0,0,0,0,14.70245861415702,0,0,0,0,17.685595332077458,0,0,0,0,0,0,0,0,0,0,0,0,0,0,0,0,0,0,0,0,0,0,0,0,0,0,0,0,0,0,0,0,0,0,0,0,0,0,0,0,0,0,0,0,0,0,0,0,0,0,0,0,0,0,0,0,0,0,0,0,0,0,0,0,0,0,0,0,0,0,0,0,0,0,0,0,0,0,0,0,0,0,0,0,0,0,0,0,0,0,0,0,0,0,0,0,0,0,0,0,0,0,0,0,0,,2019,"PR-North","PR-North-2019","LUQUILLO","LUQ",18.3679603,-65.7099453,"BY HAND, DIVING GEAR","BHD"
0,0,0,0,0,0,0,0,0,0,0,0,18.80744825248763,0,0,0,0,0,0,0,0,0,0,0,0,0,0,0,0,0,0,0,0,0,0,0,0,0,0,0,0,0,0,0,0,0,0,0,0,0,0,0,0,0,0,0,0,0,0,0,0,0,0,0,0,0,0,0,0,0,0,0,0,0,0,0,0,0,0,0,0,0,0,0,0,0,0,0,0,0,0,0,0,0,0,0,0,0,0,0,0,0,0,0,0,0,0,0,0,0,0,0,0,0,0,0,0,0,0,0,0,0,0,,2019,"PR-North","PR-North-2019","RIO GRANDE","RGR",18.3763694,-65.7984341,"BY HAND, DIVING GEAR","BHD"
0,0,0,0,0,0,0,0,0,0,0,0,0,0,0,0,0,0,0,10.629860015541126,0,0,0,0,0,0,0,0,0,0,0,0,0,0,0,0,0,0,0,0,0,0,0,0,0,0,0,0,0,0,0,0,0,0,0,0,0,0,0,0,0,0,0,0,0,0,0,0,0,0,0,0,0,0,0,0,0,0,0,0,0,0,0,0,0,0,0,0,0,0,0,0,0,0,0,0,0,0,0,0,0,0,0,0,0,0,0,0,0,0,0,0,0,0,0,0,0,0,0,0,0,0,0,,2019,"PR-North","PR-North-2019","SAN JUAN","SJU",18.4223633,-66.0680934,"BY HAND, DIVING GEAR","BHD"
0,0,0,0,0,0,0,0,0,0,0,0,0,0,0,0,0,0,0,22.090784142488015,0,0,0,0,0,0,0,0,0,0,0,0,0,0,0,0,0,0,0,0,0,0,0,0,0,0,0,0,0,0,0,0,0,0,0,0,0,0,0,0,0,0,0,0,0,0,0,0,0,0,0,0,0,0,0,0,0,0,0,0,0,0,0,0,0,0,0,0,0,0,0,0,0,0,0,0,0,0,0,0,0,0,0,0,0,0,0,0,0,0,0,0,0,0,0,0,0,0,0,0,0,0,0,,2019,"PR-North","PR-North-2019","SAN JUAN","SJU",18.4223633,-66.0680934,"SPEARS","BHD"
0,0,0,0,0,0,0,0,0,0,0,0,46.93146833980373,0,0,0,0,0,0,0,0,0,0,0,0,0,0,0,0,0,0,0,0,0,0,0,0,0,0,0,0,0,0,0,0,0,0,0,0,0,0,0,0,0,0,0,0,0,0,0,0,0,0,0,0,0,0,0,0,0,0,0,0,0,0,0,0,0,0,0,0,0,0,0,0,0,0,0,0,0,0,0,0,0,0,0,0,0,0,0,0,0,0,0,0,0,0,0,0,0,0,0,0,0,0,0,0,0,0,0,0,0,0,,2019,"PR-North","PR-North-2019","VEGA BAJA","VBA",18.4550266,-66.3977734,"BY HAND, DIVING GEAR","BHD"
