"Abudefduf saxatilis","Abudefduf taurus","Acanthemblemaria aspera","Acanthemblemaria chaplini","Acanthemblemaria maria","Acanthemblemaria spinosa","Acanthostracion polygonius","Acanthostracion quadricornis","Acanthurus chirurgus","Acanthurus coeruleus","Acanthurus tractus (bahianus)","Aetobatus narinari","Aluterus scriptus","Aluterus spp.","Amblycirrhitus pinos","Ancylomenes pedersoni","Anisotremus surinamensis","Anisotremus virginicus","Anomura spp.","Apogon maculatus","Apogon spp.","Apogon townsendi","Astrophyton muricatum","Aulostomus maculatus","Balistes vetula","Blenniidae spp.","Bodianus rufus","Bothus lunatus","Calamus calamus","Calamus pennatula","Calamus spp.","Cantherhines macrocerus","Cantherhines pullus","Canthidermis sufflamen","Canthigaster rostrata","Carangoides bartholomaei","Caranx crysos","Caranx hippos","Caranx latus","Caranx lugubris","Caranx ruber","Carcharhinus perezii","Carpilius corallinus","Centropyge argi","Cephalopholis cruentata","Cephalopholis fulva","Chaenopsis ocellata","Chaetodipterus faber","Chaetodon capistratus","Chaetodon ocellatus","Chaetodon sedentarius","Chaetodon striatus","Chromis cyanea","Chromis insolata","Chromis multilineata","Chromis spp.","Clepticus parrae","Coralliophila caribaea","Coralliophila spp.","Coryphopterus glaucofraenum","Coryphopterus lipernes","Coryphopterus personatus","Coryphopterus spp.","Cryptotomus roseus","Ctenogobius saepepallens","Ctenoides scaber","Cyphoma gibbosum","Damithrax spinosissimus","Decapterus macarellus","Diadema antillarum","Diodon holocanthus","Diodon hystrix","Echeneis naucrates","Echinometra lucunter","Echinometra spp.","Echinometra viridis","Elacatinus dilepis","Elacatinus evelynae","Elacatinus horsti","Elacatinus saucrus","Epinephelus adscensionis","Epinephelus guttatus","Epinephelus spp.","Epinephelus striatus","Equetus lanceolatus","Equetus punctatus","Eucidaris tribuloides","Gastropoda spp.","Gerres cinereus","Ginglymostoma cirratum","Gnatholepis thompsoni","Gobiosoma spp.","Gramma loreto","Grapsus spp.","Gymnothorax funebris","Gymnothorax miliaris","Gymnothorax moringa","Gymnothorax spp.","Haemulon album","Haemulon aurolineatum","Haemulon carbonarium","Haemulon chrysargyreum","Haemulon flavolineatum","Haemulon macrostomum","Haemulon melanurum","Haemulon parra","Haemulon plumierii","Haemulon sciurus","Haemulon spp.","Haemulon squamipinna","Haemulon vittatum","Halichoeres bivittatus","Halichoeres cyanocephalus","Halichoeres garnoti","Halichoeres maculipinna","Halichoeres poeyi","Halichoeres radiatus","Halichoeres spp.","Hemiramphus brasiliensis","Hermodice carunculata","Heteropriacanthus cruentatus","Holacanthus ciliaris","Holacanthus tricolor","Holocentrus adscensionis","Holocentrus rufus","Holothuria (Halodeima) mexicana","Hypleurochilus bermudensis","Hypoplectrus aberrans","Hypoplectrus chlorurus","Hypoplectrus gummigutta","Hypoplectrus guttavarius","Hypoplectrus indigo","Hypoplectrus nigricans","Hypoplectrus puella","Hypoplectrus spp.","Hypoplectrus unicolor","Isostichopus badionotus","Kyphosus sectatrix","Kyphosus spp.","Lachnolaimus maximus","Lactophrys bicaudalis","Lactophrys trigonus","Lactophrys triqueter","Liopropoma rubre","Liopropoma spp.","Aliger gigas","Lutjanus analis","Lutjanus apodus","Lutjanus cyanopterus","Lutjanus griseus","Lutjanus jocu","Lutjanus mahogoni","Lutjanus synagris","Malacanthus plumieri","Malacoctenus gilli","Malacoctenus spp.","Malacoctenus triangulatus","Melichthys niger","Microspathodon chrysurus","Monacanthus spp.","Monacanthus tuckeri","Mulloidichthys martinicus","Muraena robusta","Muraena spp.","Mycteroperca interstitialis","Mycteroperca spp.","Mycteroperca tigris","Mycteroperca venenosa","Myrichthys breviceps","Myrichthys ocellatus","Myripristis jacobus","Neoniphon marianus","Octopus vulgaris","Ocyurus chrysurus","Odontoscion dentex","Ophioblennius atlanticus","Ophioblennius macclurei","Ophioderma spp.","Ophiothrix (Acanthophiothrix) suensoni","Paguristes spp.","Pagurus spp.","Panulirus argus","Panulirus guttatus","Paralabrax dewegeri ","Paranthias furcifer","Pareques acuminatus","Pempheris schomburgkii","Pempheris spp.","Percnon gibbesi","Periclimenes spp.","Pomacanthus arcuatus","Pomacanthus paru","Priacanthus arenatus","Priacanthus spp.","Prognathodes aculeatus","Prognathodes aya","Pseudupeneus maculatus","Pteria columbus","Pterois volitans","Rypticus saponaceus","Sargocentron coruscum","Sargocentron vexillarium","Scarus coelestinus","Scarus coeruleus","Scarus guacamaia","Scarus iseri","Scarus spp.","Scarus taeniopterus","Scarus vetula","Scomberomorus cavalla","Scomberomorus regalis","Scorpaena plumieri","Scyllarides spp.","Serranus baldwini","Serranus spp.","Serranus tabacarius","Serranus tigrinus","Sparisoma atomarium","Sparisoma aurofrenatum","Sparisoma chrysopterum","Sparisoma radians","Sparisoma rubripinne","Sparisoma spp.","Sparisoma viride","Sphoeroides spp.","Sphoeroides greeleyi","Sphoeroides testudineus","Sphyraena barracuda","Stegastes adustus","Stegastes fuscus","Stegastes leucostictus","Stegastes partitus","Stegastes planifrons","Stegastes variabilis","Stenopus hispidus","Stenorhynchus seticornis","Stephanolepis hispidus","Stephanolepis setifer","Stramonita rustica","Syngnathus spp.","Synodus intermedius","Synodus saurus","Thalassoma bifasciatum","Tripneustes ventricosus","Unidentified spp.(fish)","Urobatis jamaicensis","Xanthichthys ringens","-","YEAR","REGION","LOCATION","SITE NAME","DEPTH ZONE","TRANSECT","sample_code","YEAR_SITE","YEAR_LOCATION","YEAR_REGION"
0,0,0,0,0,0,0,0,0,0,1.7320508075688772,0,0,0,0,0,0,0,0,0,0,0,0,0,0,0,0,0,0,1,0,0,0,0,0,0,0,0,0,0,0,0,0,0,0,1,0,0,2.449489742783178,0,0,0,2.8284271247461903,0,0,0,1.7320508075688772,0,0,0,0,0,0,0,0,0,0,0,0,0,0,0,0,0,0,0,0,1.4142135623730951,0,0,0,1,0,0,0,0,0,0,0,0,0,0,0,0,0,0,0,0,0,0,0,0,0,0,0,0,0,0,0,0,0,0,0,1,0,0,0,0,0,0,0,0,0,0,0,0,0,0,1,0,0,0,0,0,0,1,0,0,0,1,0,0,1,0,0,0,0,0,0,0,0,0,0,0,0,0,0,0,0,0,0,0,0,0,0,0,0,0,0,0,0,0,0,0,0,0,0,0,0,0,0,0,0,0,0,0,0,0,0,0,0,0,0,0,0,0,1.4142135623730951,0,0,0,0,0,0,0,0,1.7320508075688772,0,1.4142135623730951,0,0,0,0,0,0,0,0,1,0,0,0,0,0,1,0,0,0,0,0,0,0,0,3.7416573867739413,0,0,0,0,0,0,0,0,0,0,1,0,0,0,0,,"2001","Southeast","Guayama","Canjilones Las Mareas","Intermediate","1","2001Canjilones Las Mareas1","2001_Canjilones Las Mareas","2001_Guayama","2001_Southeast"
0,0,0,0,0,0,0,0,0,0,0,0,0,0,0,0,0,0,0,0,0,0,0,0,0,0,0,0,0,0,0,0,0,0,0,0,0,0,0,0,0,0,0,0,1.4142135623730951,0,0,0,2.23606797749979,0,0,0,5.830951894845301,0,4.123105625617661,0,0,0,0,0,0,0,0,0,0,0,0,0,0,0,0,0,0,0,0,0,0,0,0,0,0,0,0,0,0,2.8284271247461903,0,0,0,0,0,0,0,0,0,0,0,0,0,1,0,0,1,0,0,0,0,0,0,0,0,0,0,1,0,0,0,0,0,0,0,0,1,0,3.1622776601683795,0,0,0,0,0,0,0,0,0,0,0,0,0,0,0,0,0,0,0,0,0,0,0,0,0,0,0,0,0,0,0,0,0,0,0,0,0,0,0,0,0,0,0,0,0,0,0,0,1,0,0,0,0,0,0,0,0,0,0,0,0,0,0,0,0,1,0,0,0,0,0,1,0,0,0,1.4142135623730951,0,0,0,0,1,0,0,0,0,0,0,0,0,0,0,1,0,0,0,1,0,0,1,0,0,0,0,0,0,1,6.082762530298219,0,0,0,0,0,0,0,0,0,0,2,0,0,0,0,,"2001","Southeast","Guayama","Canjilones Las Mareas","Intermediate","2","2001Canjilones Las Mareas2","2001_Canjilones Las Mareas","2001_Guayama","2001_Southeast"
0,0,0,0,0,0,0,0,1.4142135623730951,0,0,0,0,0,0,0,0,0,0,0,0,0,0,0,0,0,0,0,0,0,0,0,0,0,0,0,0,0,0,0,0,0,0,0,0,2.23606797749979,0,0,1.4142135623730951,0,0,0,4,0,0,0,0,0,0,0,0,0,0,0,0,0,0,0,0,0,0,0,0,0,0,0,0,2,0,0,0,1,0,0,0,0,0,0,0,0,0,0,0,0,0,0,0,0,0,1,0,0,0,0,0,0,0,0,0,0,0,0,0,1.7320508075688772,0,0,0,0,0,0,0,0,0,0,0,0,0,0,1,0,0,0,0,0,0,0,0,0,0,0,0,0,0,0,0,0,0,0,0,0,0,0,0,0,0,0,0,0,0,0,0,0,0,0,0,0,0,0,0,0,1.7320508075688772,0,0,1,0,0,0,0,0,0,0,0,0,0,0,0,0,0,0,0,1,0,0,0,0,0,0,0,0,0,1,0,0,0,0,0,0,1.4142135623730951,0,0,0,0,0,0,0,0,1,0,0,1.7320508075688772,1.7320508075688772,0,1.4142135623730951,0,0,0,0,0,0,0,1,4.795831523312719,2,0,0,0,0,0,0,0,0,0,0,0,0,0,0,,"2001","Southeast","Guayama","Canjilones Las Mareas","Intermediate","3","2001Canjilones Las Mareas3","2001_Canjilones Las Mareas","2001_Guayama","2001_Southeast"
0,0,0,0,0,0,0,0,0,1,0,0,0,0,0,0,0,0,0,0,0,0,0,0,0,0,0,0,0,0,0,0,0,0,0,0,0,0,0,0,0,0,0,0,0,0,0,0,0,0,0,0,2,0,0,0,0,0,0,0,0,0,0,0,0,0,0,0,0,0,0,0,0,0,0,0,0,2,0,0,0,1,0,0,0,0,0,0,0,0,0,0,0,0,0,0,0,0,0,0,0,0,1,0,0,0,0,0,0,0,0,1,0,1.7320508075688772,0,0,0,0,0,0,0,0,1,0,0,0,0,0,0,0,0,0,0,1,0,0,0,0,0,0,0,0,0,0,0,0,0,0,0,0,0,0,0,0,0,0,0,0,0,0,0,0,0,0,0,0,0,0,0,0,0,0,0,0,0,0,0,0,0,0,0,0,0,0,0,0,0,0,0,0,0,0,0,0,0,0,1,0,0,0,0,0,0,0,0,1,0,0,0,0,0,0,0,0,0,0,0,0,1,0,1,0,0,0,0,0,0,0,0,0,3.1622776601683795,0,0,0,0,0,0,0,0,0,0,0,2.23606797749979,0,0,0,0,,"2001","Southeast","Salinas","Cayos de Barca","Shallow","1","2001Cayos de Barca1","2001_Cayos de Barca","2001_Salinas","2001_Southeast"
0,0,0,0,0,0,0,0,0,0,1,0,0,0,0,0,0,0,0,0,0,0,0,0,0,0,0,0,0,0,0,0,0,0,0,0,0,0,0,0,0,0,0,0,0,0,0,0,0,0,0,0,0,0,0,0,0,0,0,0,0,0,0,0,0,0,0,0,0,0,0,0,0,0,0,0,0,1.4142135623730951,0,0,0,0,0,0,0,0,0,0,0,0,0,0,0,0,0,0,0,0,0,0,0,0,0,0,0,0,0,0,0,0,0,1.4142135623730951,0,0,1,0,1,0,0,0,0,0,0,0,1,0,0,0,0,0,0,0,0,1,0,0,0,0,0,0,0,0,0,0,0,0,0,0,0,0,0,0,0,0,0,0,0,0,0,0,0,0,0,0,0,0,0,0,0,0,0,0,0,0,0,0,0,0,0,0,0,0,0,0,0,0,0,0,0,0,0,0,0,0,0,0,0,0,0,0,0,0,0,0,0,2.6457513110645907,0,0,0,0,0,0,0,0,1,0,0,0,1,0,0,0,0,1,0,0,0,0,0,0,2.23606797749979,0,1.7320508075688772,0,0,0,0,0,0,0,0,0,1,0,0,0,0,,"2001","Southeast","Salinas","Cayos de Barca","Shallow","2","2001Cayos de Barca2","2001_Cayos de Barca","2001_Salinas","2001_Southeast"
0,0,0,0,0,0,0,0,0,0,1.4142135623730951,0,0,0,0,0,0,0,0,0,0,0,0,0,0,0,0,0,0,0,0,0,0,0,0,0,0,0,0,0,0,0,0,0,0,0,0,0,0,0,0,0,0,0,0,0,0,0,0,0,0,0,0,0,0,0,0,0,0,0,0,0,0,0,0,0,0,1.4142135623730951,0,0,0,0,0,0,0,0,0,0,0,0,0,0,0,0,0,0,0,0,0,0,0,0,0,0,0,0,0,0,0,0,0,1,0,1.7320508075688772,0,0,0,0,0,0,0,0,0,0,0,0,0,0,0,0,0,0,0,1,0,0,0,0,0,0,0,0,0,0,0,0,0,0,0,0,0,0,0,0,0,0,0,0,0,0,0,0,0,0,0,0,0,0,0,0,0,0,0,0,0,0,0,0,0,0,0,0,0,0,0,0,0,0,0,0,0,0,0,0,0,0,0,0,0,0,0,0,0,0,0,1,0,0,0,0,0,0,0,0,0,0,0,0,1.7320508075688772,0,0,0,0,0,0,0,0,0,0,0,1.7320508075688772,0,2.23606797749979,0,0,0,0,0,0,0,0,0,1.4142135623730951,0,0,0,0,,"2001","Southeast","Salinas","Cayos de Barca","Shallow","3","2001Cayos de Barca3","2001_Cayos de Barca","2001_Salinas","2001_Southeast"
0,0,0,0,0,0,0,0,0,0,1,0,0,0,0,0,0,0,0,0,0,0,0,0,0,0,0,0,0,0,0,0,0,0,0,0,0,0,0,0,0,0,0,0,0,0,0,0,0,0,0,0,0,0,0,0,0,0,0,0,0,0,0,0,0,0,0,0,0,0,0,0,0,0,0,0,0,0,0,0,0,1,0,0,0,0,0,0,0,0,0,0,0,0,0,0,0,0,0,0,0,0,0,0,0,0,0,0,0,0,0,1.7320508075688772,0,2,1,0,0,0,0,0,0,0,1,0,0,0,0,0,0,0,0,0,0,1.4142135623730951,0,0,0,0,0,0,0,0,0,0,0,0,0,0,0,0,0,0,0,0,0,0,0,0,0,0,0,0,0,0,0,0,0,0,0,0,0,0,0,0,0,0,0,0,0,0,0,0,0,0,0,0,0,0,0,0,0,0,0,0,0,0,0,0,0,0,0,0,0,0,0,3.3166247903554,0,0,0,0,0,0,0,0,0,0,0,0,0,0,0,0,0,0,0,0,0,0,0,0,2.449489742783178,0,2,0,0,0,0,0,0,0,0,0,3.4641016151377544,0,0,0,0,,"2001","Southeast","Salinas","Cayos de Barca","Shallow","4","2001Cayos de Barca4","2001_Cayos de Barca","2001_Salinas","2001_Southeast"
0,0,0,0,0,0,0,0,0,0,1.4142135623730951,0,0,0,0,0,0,0,0,0,0,0,0,0,0,0,0,0,0,0,0,0,0,0,0,0,0,0,0,0,0,0,0,0,1,0,0,0,0,0,0,0,0,0,0,0,0,0,0,0,0,0,0,0,0,0,0,0,0,0,0,0,0,0,0,0,0,1.7320508075688772,0,0,0,0,0,0,0,0,0,0,0,0,0,0,0,0,0,0,0,0,0,0,0,0,1,0,0,0,0,0,0,0,0,0,0,1,0,0,0,0,0,0,0,0,0,0,0,0,0,0,0,0,0,0,0,1,0,1,0,0,0,0,0,0,0,0,0,0,0,0,0,0,0,0,0,0,0,0,1,0,0,0,0,0,0,0,0,0,0,0,0,0,0,0,0,0,0,0,0,0,0,0,0,0,0,0,0,0,0,0,0,0,0,0,0,0,0,0,0,0,0,0,0,0,0,0,0,2.23606797749979,0,0,0,0,0,0,0,0,0,0,1,0,0,0,1.4142135623730951,0,1,0,0,0,0,0,1,0,2.449489742783178,0,2.23606797749979,0,0,0,0,0,0,0,0,0,3.872983346207417,0,0,0,0,,"2001","Southeast","Salinas","Cayos de Barca","Shallow","5","2001Cayos de Barca5","2001_Cayos de Barca","2001_Salinas","2001_Southeast"
0,0,0,0,0,0,0,0,1,0,1,0,0,0,0,0,0,0,0,0,0,0,0,0,0,0,0,0,0,0,0,0,0,0,0,0,0,0,0,0,0,0,0,0,0,0,0,0,0,0,0,0,0,0,0,0,0,0,0,0,1,0,0,0,0,0,0,0,0,0,0,0,0,0,0,0,0,0,0,0,0,0,0,0,0,0,0,0,0,0,0,0,0,0,0,0,0,0,0,0,0,0,0,0,0,0,0,0,0,0,0,0,0,1,0,0,0,0,0,0,0,0,0,0,1,0,0,0,0,0,0,0,1,0,0,0,0,0,0,0,0,0,0,0,0,0,0,0,0,0,0,0,0,0,0,0,0,0,0,0,0,0,0,0,0,0,0,0,0,0,1.7320508075688772,0,0,1,0,0,0,0,0,0,0,0,0,0,0,0,0,0,0,0,0,0,0,0,0,0,0,0,0,0,0,0,0,0,0,1.4142135623730951,0,0,0,0,0,0,0,0,0,0,0,0,0,0,0,0,0,0,0,0,0,0,0,0,0,0,1.4142135623730951,0,0,0,0,0,0,0,0,0,2.6457513110645907,0,0,0,0,,"2001","Southeast","Arroyo","Guayama Reef","Shallow","1","2001Guayama Reef1","2001_Guayama Reef","2001_Arroyo","2001_Southeast"
0,0,0,0,0,0,0,0,0,0,1,0,0,0,0,0,0,0,0,0,0,0,0,0,0,0,0,0,0,0,0,0,0,0,1,0,0,0,0,0,0,0,0,0,0,0,0,0,1,0,0,0,2.449489742783178,0,0,0,0,0,0,0,1.7320508075688772,0,0,0,0,0,0,0,0,0,0,0,0,0,0,0,0,0,0,0,0,0,0,0,0,0,0,0,0,0,0,0,0,0,0,0,0,0,0,0,0,0,0,0,0,0,0,0,0,0,0,0,0,1,0,0,0,0,0,0,0,0,0,1,1,0,0,0,0,0,0,0,0,0,0,0,0,0,0,0,0,0,0,0,0,0,0,0,0,0,0,0,0,0,0,0,0,0,0,0,0,0,0,0,0,0,0,0,0,0,1.4142135623730951,0,0,0,0,0,0,0,0,0,0,0,0,0,0,0,0,0,0,0,0,0,0,0,0,0,0,0,0,0,0,0,0,0,0,0,0,1,0,0,0,0,0,0,0,0,0,0,1.4142135623730951,0,1.7320508075688772,0,1,0,0,0,0,0,0,0,0,1,1.7320508075688772,0,0,0,0,0,0,0,0,0,0,0,0,0,0,,"2001","Southeast","Arroyo","Guayama Reef","Shallow","2","2001Guayama Reef2","2001_Guayama Reef","2001_Arroyo","2001_Southeast"
0,0,0,0,0,0,0,0,1,0,0,0,0,0,0,0,0,0,0,0,0,0,0,1,0,0,0,0,0,0,0,0,0,0,1,0,0,0,0,0,0,0,0,0,1,0,0,0,2.6457513110645907,0,0,0,0,0,0,0,0,0,0,0,1,0,0,0,0,0,0,0,0,0,0,0,0,0,0,0,0,0,0,0,0,0,0,0,0,0,0,0,0,0,0,0,0,0,0,0,0,0,0,0,0,0,1,0,0,0,0,0,0,0,0,0,0,0,0,0,0,0,0,0,0,0,0,0,0,0,0,0,0,0,0,0,0,0,0,0,0,0,0,0,0,0,0,0,0,0,0,0,0,0,0,0,0,0,0,0,0,0,0,0,0,0,0,0,0,0,0,0,0,0,1,0,0,0,0,0,0,0,0,0,0,0,0,0,0,0,0,0,0,0,0,0,0,0,0,0,0,0,0,0,0,0,0,0,0,1.7320508075688772,0,1.4142135623730951,0,0,0,0,0,0,0,0,0,0,1,0,0,0,0,0,0,0,0,0,0,0,0,0,1.4142135623730951,0,0,0,0,0,0,0,0,0,3.1622776601683795,0,0,0,0,,"2001","Southeast","Arroyo","Guayama Reef","Shallow","3","2001Guayama Reef3","2001_Guayama Reef","2001_Arroyo","2001_Southeast"
0,0,0,0,0,0,0,0,1,1,1,0,0,0,0,0,0,0,0,0,0,0,0,0,0,0,0,0,0,0,0,0,0,0,1,0,0,0,0,0,0,0,0,0,0,0,0,0,1,0,0,0,0,0,0,0,0,0,0,0,1.4142135623730951,0,0,0,0,0,0,0,0,0,0,0,0,0,0,0,0,0,0,0,0,0,0,0,0,0,0,0,0,0,0,0,0,0,0,0,0,0,0,0,0,0,0,0,0,0,0,0,0,0,0,0,0,0,0,0,0,0,0,0,0,0,1.4142135623730951,0,1,0,0,0,0,0,0,0,0,0,0,0,0,0,0,0,0,0,0,0,0,0,0,0,0,0,0,0,0,0,0,0,0,0,0,0,0,0,0,0,0,0,0,0,0,0,2,0,0,0,0,0,0,0,0,0,0,0,0,0,0,0,0,0,0,0,0,0,0,0,0,0,0,0,0,0,0,0,0,0,0,2.23606797749979,0,1.4142135623730951,0,0,0,0,0,0,0,0,0,0,1,0,0,0,1.4142135623730951,0,0,0,0,0,0,0,0,0,1.7320508075688772,0,0,0,0,0,0,0,0,0,0,0,0,0,0,,"2001","Southeast","Arroyo","Guayama Reef","Shallow","4","2001Guayama Reef4","2001_Guayama Reef","2001_Arroyo","2001_Southeast"
1,0,0,0,0,0,0,0,1.4142135623730951,0,1.4142135623730951,0,0,0,0,0,0,0,0,0,0,0,0,0,0,0,1,0,0,0,0,0,0,0,1,0,0,0,0,0,0,0,0,0,0,0,0,0,1.4142135623730951,0,0,0,2.23606797749979,0,1.7320508075688772,0,4,0,0,0,1,3.4641016151377544,0,0,0,0,0,0,0,0,0,0,0,0,0,0,0,0,0,0,0,0,0,0,0,0,0,0,0,0,0,0,0,0,0,0,0,0,0,0,0,0,1.4142135623730951,0,0,0,0,0,0,0,0,0,0,0,0,0,0,0,0,0,0,0,0,0,1,0,0,0,0,0,0,0,1,0,0,0,0,0,0,0,0,0,0,0,0,0,0,0,0,0,0,0,0,0,0,0,0,0,0,0,0,0,0,0,0,0,0,0,0,0,2.449489742783178,0,0,0,0,0,0,0,0,0,0,1,0,0,0,0,0,0,0,0,0,0,0,0,0,0,1,0,0,0,0,0,0,0,0,1.7320508075688772,0,1,0,0,0,0,0,0,0,0,0,0,1.4142135623730951,0,0,0,0,0,0,0,0,0,0,0,0,0,1.7320508075688772,0,0,0,0,0,0,0,0,0,3.4641016151377544,0,0,0,0,,"2001","Southeast","Arroyo","Guayama Reef","Shallow","5","2001Guayama Reef5","2001_Guayama Reef","2001_Arroyo","2001_Southeast"
0,0,0,0,0,0,0,0,0,0,1,0,0,0,0,0,0,0,0,0,0,0,0,0,0,0,0,0,0,1,0,0,0,0,0,0,0,0,0,0,0,0,0,0,0,0,0,0,1.4142135623730951,0,0,0,0,0,0,0,0,0,0,0,0,0,0,0,0,0,0,0,0,0,0,0,0,0,0,0,0,0,0,0,0,0,0,0,0,0,0,0,0,0,0,0,0,0,0,0,0,0,0,0,0,0,1.4142135623730951,0,0,0,0,0,0,0,0,0,0,2,0,0,0,0,0,0,0,0,0,0,1.4142135623730951,0,0,0,0,0,0,0,0,0,0,0,0,0,0,0,0,0,0,0,0,0,0,2.449489742783178,0,0,0,0,0,0,0,0,0,0,0,0,0,0,0,0,0,0,0,0,0,0,0,0,0,0,0,0,0,0,0,0,0,0,0,0,0,0,0,0,0,0,0,0,0,0,0,0,0,0,0,0,0,0,0,0,0,1.7320508075688772,0,2,0,0,0,0,0,0,0,0,0,0,1.7320508075688772,0,2.23606797749979,0,0,0,0,0,0,0,0,0,1,2.8284271247461903,0,0,0,0,0,0,0,0,0,0,4.123105625617661,0,0,0,0,,"2001","Southeast","Guayama","Las Mareas Ridge","Intermediate","1","2001Las Mareas Ridge1","2001_Las Mareas Ridge","2001_Guayama","2001_Southeast"
0,0,0,0,0,0,0,0,0,0,1.7320508075688772,0,0,0,0,0,0,0,0,0,0,0,0,0,0,0,0,0,0,0,0,0,0,0,0,0,0,0,0,0,0,0,0,0,0,0,0,0,1.4142135623730951,0,0,0,0,0,0,0,0,0,0,0,0,0,0,0,0,0,0,0,0,0,0,0,0,0,0,0,0,0,0,0,0,0,0,0,0,0,0,0,0,0,0,0,0,0,0,0,0,0,0,0,0,0,0,0,0,0,0,0,0,0,0,0,0,1.4142135623730951,0,0,1,0,0,0,0,0,0,0,1,0,0,0,0,0,0,0,0,0,0,0,0,0,0,0,0,0,0,0,0,0,0,1,0,0,0,0,0,0,0,0,0,0,0,0,0,0,0,0,0,0,0,0,0,0,1,0,0,1,0,0,0,0,0,0,0,0,0,0,0,0,0,0,0,0,0,0,0,0,0,0,0,0,0,0,0,0,0,0,0,4,0,1.4142135623730951,0,0,0,0,0,0,0,0,0,0,0,0,1.7320508075688772,0,0,0,0,0,0,1,0,0,1,3.1622776601683795,1.7320508075688772,0,0,0,0,0,0,0,0,0,0,0,0,0,0,,"2001","Southeast","Guayama","Las Mareas Ridge","Intermediate","2","2001Las Mareas Ridge2","2001_Las Mareas Ridge","2001_Guayama","2001_Southeast"
0,0,0,0,0,0,0,0,0,1,1.4142135623730951,0,0,0,0,0,0,0,0,0,0,0,0,1.4142135623730951,0,0,0,0,0,0,0,0,0,0,1,0,0,0,0,0,0,0,0,0,1,1.4142135623730951,0,0,1.4142135623730951,0,0,0,0,0,0,0,0,0,0,0,0,0,0,0,0,0,0,0,0,0,0,0,0,0,0,0,0,0,0,0,0,0,0,0,0,0,0,0,0,0,0,0,0,0,0,0,0,0,0,0,0,0,1,0,0,0,0,0,0,0,0,0,0,0,0,0,0,0,0,0,0,0,1,0,0,0,0,0,0,0,0,0,0,0,0,0,0,0,0,0,0,0,0,0,0,0,0,0,0,0,0,0,0,0,0,0,0,0,0,0,0,0,0,0,0,0,0,0,0,0,0,0,0,1,0,0,0,0,0,0,0,0,0,0,0,0,0,0,0,0,0,0,0,0,0,0,0,0,0,0,0,0,0,0,0,2,0,0,0,0,0,0,0,0,0,0,0,0,1,0,1.7320508075688772,0,1.4142135623730951,0,0,0,0,0,0,0,0,2.8284271247461903,0,0,0,0,0,0,0,0,0,0,1,0,0,0,0,,"2001","Southeast","Guayama","Las Mareas Ridge","Intermediate","3","2001Las Mareas Ridge3","2001_Las Mareas Ridge","2001_Guayama","2001_Southeast"
0,0,0,0,0,0,0,0,0,0,1,0,0,0,0,0,0,0,0,0,0,0,0,0,0,0,0,0,0,0,0,0,0,0,0,0,0,0,0,0,0,0,0,0,0,1,0,0,0,0,0,0,0,0,0,0,0,0,0,0,0,0,0,0,0,0,0,0,0,0,0,0,0,0,0,0,0,1,0,0,0,0,0,0,0,0,0,0,0,0,0,0,0,0,0,0,0,0,0,0,0,0,0,0,0,0,0,0,0,0,0,0,0,1.7320508075688772,0,0,0,0,0,0,0,0,0,0,0,0,0,0,0,0,0,0,0,0,0,0,0,0,0,0,0,0,0,0,0,0,0,0,0,0,0,0,0,0,0,0,0,0,0,0,0,0,0,0,0,0,0,0,0,0,0,0,0,0,0,0,0,0,0,0,0,0,0,0,0,0,0,0,0,0,0,0,0,0,0,0,1,0,0,0,0,0,0,0,0,2.449489742783178,0,1.7320508075688772,0,0,0,0,0,0,0,0,1,0,1.4142135623730951,0,2,0,0,0,0,0,0,0,0,0,0,2.23606797749979,0,0,0,0,0,0,0,0,0,0,1,0,0,0,0,,"2001","Southeast","Guayama","Las Mareas Ridge","Intermediate","4","2001Las Mareas Ridge4","2001_Las Mareas Ridge","2001_Guayama","2001_Southeast"
0,0,0,0,0,0,0,0,0,0,1,0,0,0,1,0,0,0,0,0,0,0,0,0,0,0,0,0,0,1,0,0,0,0,0,0,0,0,0,0,0,0,0,0,0,1.4142135623730951,0,0,1,0,0,0,0,0,0,0,0,0,0,0,0,0,0,0,0,0,0,0,0,0,0,0,0,0,0,0,0,1,0,0,0,0,0,0,0,0,0,0,0,0,0,0,0,0,0,0,0,0,0,0,0,0,1,0,0,0,0,0,0,0,0,0,0,2,0,0,0,0,0,0,0,0,0,0,1,0,0,0,0,0,0,0,0,0,0,0,0,0,0,0,0,0,0,0,0,0,0,0,0,0,0,0,0,0,0,0,0,0,0,0,0,0,0,0,0,0,0,0,0,0,0,0,0,1.7320508075688772,0,0,0,0,0,0,0,0,0,0,0,0,0,0,0,0,0,0,0,0,0,0,0,0,0,0,0,0,0,0,0,0,0,0,0,0,0,0,0,0,0,0,0,0,1.4142135623730951,0,2.23606797749979,0,0,0,0,0,0,1,0,0,0,2,0,0,0,0,0,0,0,0,0,0,0,0,0,0,0,,"2001","Southeast","Guayama","Las Mareas Ridge","Intermediate","5","2001Las Mareas Ridge5","2001_Las Mareas Ridge","2001_Guayama","2001_Southeast"
0,0,0,0,0,0,0,0,0,1,1,0,0,0,1,0,0,0,0,0,0,0,0,0,0,0,0,0,0,0,0,0,0,0,0,0,0,0,0,0,0,0,0,0,0,0,0,0,0,0,0,0,1.7320508075688772,0,0,0,0,0,0,0,0,0,0,0,0,0,0,0,0,0,0,0,0,0,0,0,0,1,0,0,0,0,0,0,0,0,0,0,0,0,0,0,0,0,0,0,0,0,0,0,0,0,0,0,0,0,0,0,0,0,0,1,0,1.4142135623730951,1,0,0,0,0,0,0,0,0,0,0,0,0,0,0,0,0,0,0,0,0,0,0,0,0,0,0,0,0,0,0,0,0,0,0,0,0,0,0,0,0,0,0,0,0,0,0,0,0,0,0,0,0,0,0,0,0,0,0,0,0,0,0,0,0,0,0,0,0,0,0,0,0,0,0,0,0,0,0,0,0,0,1.4142135623730951,0,0,0,0,0,0,0,0,0,0,0,0,0,0,0,0,0,1,0,0,0,1.4142135623730951,0,0,0,0,1,0,0,0,0,0,0,1,2.8284271247461903,0,0,0,0,0,0,0,0,0,0,1,0,0,0,0,,"2001","Southeast","Arroyo","Punta Guilarte Shoal","Shallow","1","2001Punta Guilarte Shoal1","2001_Punta Guilarte Shoal","2001_Arroyo","2001_Southeast"
0,0,0,0,0,0,0,0,0,0,1.4142135623730951,0,0,0,1.4142135623730951,0,0,0,0,0,0,0,0,0,0,0,0,0,0,0,0,0,0,0,0,0,0,0,0,0,0,0,0,0,0,0,0,0,0,0,0,0,0,0,0,0,0,0,0,0,0,0,0,0,0,0,0,0,0,0,0,0,0,0,0,0,0,1,0,0,0,1,0,0,0,0,0,0,0,0,0,0,0,0,0,0,0,0,0,0,0,0,0,0,0,0,0,0,0,0,0,1.7320508075688772,0,0,1,0,0,0,0,0,0,0,0,0,0,0,0,0,0,0,0,0,0,0,0,0,0,0,0,0,0,0,0,0,0,0,0,0,0,0,0,0,0,0,0,0,0,0,0,0,0,0,0,0,0,0,0,0,0,0,0,0,0,0,0,0,0,0,0,0,0,0,0,0,0,0,0,0,0,0,0,0,0,0,0,0,0,0,0,0,0,0,0,0,0,1,0,1,0,0,0,0,0,0,1.4142135623730951,0,0,0,1.4142135623730951,0,0,0,0,0,0,0,0,0,0,0,0,2.6457513110645907,0,0,0,0,0,0,0,0,0,0,1,0,0,0,0,,"2001","Southeast","Arroyo","Punta Guilarte Shoal","Shallow","2","2001Punta Guilarte Shoal2","2001_Punta Guilarte Shoal","2001_Arroyo","2001_Southeast"
0,0,0,0,0,0,0,0,0,0,1,0,0,0,1,0,0,0,0,0,0,0,0,0,0,0,0,0,0,0,0,0,0,0,0,0,0,0,0,0,0,0,0,0,0,0,0,0,0,0,0,0,2,0,5.0990195135927845,0,0,0,0,0,0,0,0,0,0,0,0,0,0,0,0,0,0,0,0,0,0,1,0,0,0,0,0,0,0,0,0,0,0,0,0,0,0,0,0,0,0,0,0,0,0,0,0,0,0,0,0,0,0,0,0,1.4142135623730951,0,1,1.4142135623730951,0,1,0,0,0,0,0,0,0,0,0,0,0,0,0,0,0,0,0,0,0,0,0,0,0,0,0,0,0,0,0,0,0,0,0,0,0,0,0,0,0,0,0,0,0,0,0,0,0,0,0,0,0,0,0,0,0,0,0,0,0,0,0,0,0,0,0,0,0,0,0,0,0,0,0,0,0,0,0,0,0,1,0,0,0,0,0,0,0,0,1.7320508075688772,0,0,0,0,0,0,0,0,0,0,0,0,1.7320508075688772,0,0,0,0,1,0,0,0,0,0,0,1,3.3166247903554,1,0,0,0,0,0,0,0,0,0,3.4641016151377544,0,0,0,0,,"2001","Southeast","Arroyo","Punta Guilarte Shoal","Shallow","3","2001Punta Guilarte Shoal3","2001_Punta Guilarte Shoal","2001_Arroyo","2001_Southeast"
0,0,0,0,0,0,0,0,1.4142135623730951,0,0,0,0,0,0,0,0,0,0,0,0,0,0,0,0,0,0,0,0,0,0,0,0,0,0,0,0,0,0,0,0,0,0,0,0,0,0,0,0,0,1,0,0,0,2.23606797749979,0,0,0,0,0,0,0,0,0,0,0,0,0,0,0,0,0,0,0,0,0,0,1.4142135623730951,0,0,0,0,0,0,0,0,0,0,0,0,0,0,0,0,0,0,0,0,0,0,0,0,0,0,0,0,0,0,0,0,0,1.7320508075688772,0,1,0,0,0,0,0,0,0,0,0,0,0,0,0,0,0,0,0,0,0,0,0,0,0,0,0,0,0,0,0,0,0,0,0,0,0,0,0,0,0,0,0,0,1,0,0,0,0,0,0,0,0,0,0,0,0,0,0,0,0,0,0,0,0,0,0,0,0,0,0,0,0,0,0,0,0,0,0,0,0,0,0,0,0,0,0,0,0,0,0,0,0,1.7320508075688772,0,0,0,0,0,0,0,0,0,0,1,0,1,0,0,0,0,0,0,0,0,0,0,0,1,3.1622776601683795,0,0,0,0,0,0,0,0,0,0,1,0,0,0,0,,"2001","Southeast","Arroyo","Punta Guilarte Shoal","Shallow","4","2001Punta Guilarte Shoal4","2001_Punta Guilarte Shoal","2001_Arroyo","2001_Southeast"
0,0,0,0,0,0,0,0,1.7320508075688772,0,0,0,0,0,0,0,0,0,0,0,0,0,0,0,0,0,0,0,0,0,0,0,0,0,0,0,0,0,0,0,0,0,0,0,0,0,0,0,0,0,0,0,1.7320508075688772,0,5.0990195135927845,0,0,0,0,0,0,0,0,0,0,0,0,0,0,0,0,0,0,0,0,0,0,1,0,0,0,0,0,0,0,0,0,0,0,0,0,0,0,0,0,0,0,0,0,0,0,0,0,0,0,0,0,0,0,0,0,1.4142135623730951,0,0,1,0,0,0,0,0,0,0,0,0,0,0,0,0,0,0,0,0,0,0,0,0,0,0,0,0,0,0,0,0,0,0,0,0,0,0,0,0,0,0,0,0,0,0,0,0,0,0,0,0,0,0,0,0,0,0,0,0,0,0,0,0,0,0,0,0,0,0,0,0,0,0,0,0,0,0,0,0,0,0,0,0,0,0,0,0,0,0,0,0,0,0,0,0,0,0,0,0,0,0,0,0,1,0,1.4142135623730951,0,0,0,0,0,0,0,0,0,0,0,0,3.4641016151377544,0,0,0,0,0,0,0,0,0,0,0,0,0,0,0,,"2001","Southeast","Arroyo","Punta Guilarte Shoal","Shallow","5","2001Punta Guilarte Shoal5","2001_Punta Guilarte Shoal","2001_Arroyo","2001_Southeast"
0,0,0,0,0,0,0,0,0,0,0,0,0,0,1.7320508075688772,0,0,0,0,0,0,0,0,0,0,0,0,0,0,0,0,0,0,0,0,0,0,0,0,0,0,0,0,0,0,0,0,0,0,0,0,0,0,0,0,0,0,0,0,0,0,0,0,0,0,0,0,0,0,0,0,0,0,0,0,0,0,1,0,0,0,0,0,0,0,0,0,0,0,0,0,0,0,0,0,0,0,0,0,0,0,0,0,0,0,0,0,0,0,0,0,0,0,0,0,0,0,0,0,1,0,0,0,0,1,0,0,0,0,0,0,0,0,0,0,0,0,0,0,0,0,0,0,0,0,0,0,0,0,0,0,0,0,0,0,0,0,0,0,0,0,0,0,0,0,0,0,0,0,0,0,0,0,0,0,0,0,0,0,0,0,1,0,0,0,0,0,0,0,0,0,0,0,0,0,0,0,0,0,0,0,0,0,0,0,0,0,0,0,0,0,0,0,0,0,0,0,0,0,0,0,0,0,0,0,0,0,0,2,0,1,0,0,0,0,0,0,0,0,0,0,0,0,0,0,0,0,,"2013","Southeast","Salinas","Cayo Caribes (2013)","Shallow","1","2013Cayo Caribes (2013)1","2013_Cayo Caribes (2013)","2013_Salinas","2013_Southeast"
0,0,0,0,0,0,0,0,0,0,0,0,0,0,0,0,0,0,0,0,0,0,0,0,0,0,0,0,0,0,0,0,0,0,0,0,0,0,0,0,0,0,0,0,0,0,0,0,0,0,0,0,0,0,0,0,0,0,0,0,1,0,0,0,0,0,0,0,0,0,0,0,0,0,0,0,0,1,0,0,0,0,0,0,0,0,0,0,0,0,0,0,0,0,0,0,0,0,0,0,0,0,0,0,0,0,0,0,0,0,0,0,0,0,0,0,0,0,0,0,0,0,0,0,0,0,0,0,0,0,0,0,0,0,0,0,0,0,0,0,0,0,0,0,0,0,0,0,0,0,0,0,0,0,0,0,0,0,0,0,0,0,0,0,0,0,0,0,0,0,0,0,0,0,0,0,0,0,0,0,0,0,0,0,0,0,0,0,0,0,0,0,0,0,0,0,0,0,0,0,0,0,0,0,0,0,0,0,0,0,0,0,0,0,0,0,0,0,0,0,0,0,0,1,0,0,0,0,2.23606797749979,0,1.7320508075688772,1.7320508075688772,0,0,0,0,0,0,0,0,0,0,0,0,0,0,0,,"2013","Southeast","Salinas","Cayo Caribes (2013)","Shallow","2","2013Cayo Caribes (2013)2","2013_Cayo Caribes (2013)","2013_Salinas","2013_Southeast"
0,0,0,0,0,0,0,0,0,1,0,0,0,0,0,0,0,0,0,0,0,0,0,0,0,0,0,0,0,0,0,0,0,0,0,0,0,0,0,0,0,0,0,0,0,0,0,0,0,0,0,0,0,0,0,0,0,0,0,0,0,0,0,0,0,0,0,0,0,0,0,0,0,0,0,0,0,1.7320508075688772,0,0,0,0,0,0,0,0,0,0,0,0,0,0,0,0,0,0,0,0,0,0,0,0,1.7320508075688772,0,0,0,0,0,0,0,0,0,0,0,0,0,0,0,0,0,0,0,0,0,1,0,0,0,0,0,0,0,0,0,0,1,0,0,0,0,0,0,0,0,0,0,0,0,0,0,0,0,0,0,0,0,0,0,0,0,0,0,0,0,0,0,0,0,0,0,1,0,0,1,1.4142135623730951,0,0,0,0,0,0,0,0,0,0,0,0,0,0,0,0,0,0,0,0,0,0,0,1,0,0,0,0,0,0,2,0,0,0,0,0,0,0,0,0,0,0,0,1,0,0,0,0,0,0,0,0,0,2,0,1,0,0,0,0,0,0,0,0,0,0,0,1.4142135623730951,0,0,0,0,,"2013","Southeast","Salinas","Cayo Caribes (2013)","Shallow","3","2013Cayo Caribes (2013)3","2013_Cayo Caribes (2013)","2013_Salinas","2013_Southeast"
0,0,0,0,0,0,0,0,0,0,0,0,0,0,0,0,0,0,0,0,0,0,0,0,0,0,0,0,1,0,0,0,0,0,0,0,0,0,0,0,0,0,0,0,0,0,0,0,0,0,0,0,0,0,0,0,0,0,0,1,0,0,0,0,0,0,0,0,0,0,0,0,0,0,0,0,0,0,0,0,0,0,0,0,0,0,0,0,0,0,0,0,0,0,0,0,0,0,0,0,0,0,0,0,0,0,0,0,0,0,0,0,0,0,0,0,0,0,0,0,0,0,0,0,1,0,0,0,0,0,0,0,0,0,0,0,0,0,0,0,0,0,0,0,0,0,0,0,0,0,0,0,0,0,0,0,0,0,0,0,0,0,0,0,0,0,0,0,0,0,0,0,0,1.4142135623730951,0,0,0,0,0,0,0,0,0,0,0,0,0,0,0,0,0,0,0,0,0,0,0,0,0,0,0,0,0,0,0,0,0,0,0,0,0,0,0,0,0,0,1,0,0,0,0,0,0,0,0,0,0,0,1.7320508075688772,0,1,1,0,0,0,0,0,0,0,0,0,0,0,0,0,0,0,,"2013","Southeast","Salinas","Cayo Caribes (2013)","Shallow","4","2013Cayo Caribes (2013)4","2013_Cayo Caribes (2013)","2013_Salinas","2013_Southeast"
0,0,0,0,0,0,0,0,0,0,0,0,0,0,0,0,0,0,0,0,0,0,0,0,0,0,0,0,0,0,0,0,0,0,0,0,0,0,0,0,0,0,0,0,1,0,0,0,0,0,0,0,0,0,0,0,0,0,0,0,0,0,0,0,0,0,0,0,0,0,0,0,0,0,0,0,0,0,0,0,0,0,0,0,0,0,0,0,0,0,0,0,0,0,0,0,0,0,0,0,0,0,0,0,0,0,0,0,0,0,0,0,0,0,0,0,0,0,0,1,0,0,0,0,0,0,0,0,0,0,0,0,0,0,0,0,0,0,0,0,0,0,0,0,0,0,0,0,0,0,0,0,0,0,0,0,0,0,0,0,0,0,0,0,0,0,0,0,0,0,0,0,0,0,0,1,0,0,0,0,0,0,0,0,0,0,0,0,0,0,0,0,0,0,0,0,0,0,0,0,0,0,0,0,0,0,0,0,0,0,0,0,0,0,0,0,0,0,1,0,0,0,0,0,0,0,0,0,2,0,0,1,0,0,0,0,0,0,0,0,0,0,1.7320508075688772,0,0,0,0,,"2013","Southeast","Salinas","Cayo Caribes (2013)","Shallow","5","2013Cayo Caribes (2013)5","2013_Cayo Caribes (2013)","2013_Salinas","2013_Southeast"
0,0,0,0,0,0,0,0,0,0,1,0,0,0,0,0,0,0,0,0,0,0,0,0,0,0,0,0,0,0,0,0,0,0,1.7320508075688772,0,0,0,0,0,0,0,0,0,1,0,0,0,0,0,0,0,3.1622776601683795,0,0,0,3.1622776601683795,0,0,0,2.23606797749979,2.23606797749979,0,0,0,0,0,0,0,0,0,0,0,0,0,0,0,1.4142135623730951,0,0,0,0,0,0,0,0,0,0,0,0,0,0,0,0,0,0,0,0,0,0,0,0,1,0,0,0,0,0,0,0,0,0,0,0,0,0,0,0,0,0,0,0,0,0,0,0,0,0,0,0,0,0,0,0,0,0,0,0,0,0,0,0,0,0,0,0,0,0,0,0,0,0,0,0,0,0,0,0,0,0,0,0,0,0,0,0,0,0,0,0,0,0,0,0,0,0,0,0,0,0,0,0,0,0,0,0,0,0,0,0,0,1,0,0,0,0,1,0,0,0,0,0,0,0,0,2.449489742783178,0,0,0,0,0,0,0,0,0,0,1.4142135623730951,0,0,0,0,0,0,1,0,0,0,0,0,0,1,3.605551275463989,0,0,0,1,0,0,0,0,0,0,0,0,0,0,0,,"2013","Southeast","Guayama","Guayama Outer Shelf","Intermediate","1","2013Guayama Outer Shelf1","2013_Guayama Outer Shelf","2013_Guayama","2013_Southeast"
0,0,0,0,0,0,0,0,0,0,1,0,0,0,0,0,0,0,0,0,0,0,0,0,0,0,0,0,0,0,0,0,0,0,1,0,0,0,0,0,0,0,0,0,1.4142135623730951,0,0,0,0,0,0,0,2.449489742783178,0,0,0,3.1622776601683795,0,0,0,2.8284271247461903,3.4641016151377544,0,0,0,0,0,0,0,0,0,0,0,0,0,0,0,1.7320508075688772,0,0,0,0,0,0,0,0,0,0,0,0,0,0,0,0,0,0,0,0,0,0,0,0,1,0,0,0,0,0,0,0,0,0,0,1,0,0,0,0,0,0,0,0,0,0,1,0,0,0,0,0,0,0,0,0,0,0,0,0,0,0,0,0,0,0,0,0,0,0,0,0,0,0,0,0,0,0,0,0,0,0,0,0,0,0,0,0,0,0,0,0,0,1,0,0,0,0,0,0,0,0,0,0,0,0,0,0,0,0,0,0,0,1.4142135623730951,0,0,0,0,0,0,0,0,0,0,0,0,0,1.4142135623730951,0,0,0,0,0,0,0,0,0,0,0,0,1,0,0,0,0,1,0,0,0,0,0,0,1,2.8284271247461903,0,0,0,0,0,0,0,0,0,0,1,0,0,0,0,,"2013","Southeast","Guayama","Guayama Outer Shelf","Intermediate","2","2013Guayama Outer Shelf2","2013_Guayama Outer Shelf","2013_Guayama","2013_Southeast"
0,0,0,0,0,0,0,0,0,0,0,0,0,0,0,1,0,0,0,0,0,0,0,0,0,0,0,0,1,0,0,0,0,0,1,0,0,0,0,0,0,0,0,0,0,0,0,0,0,0,0,0,4.242640687119285,0,1.4142135623730951,0,0,0,0,0,3,0,0,0,0,0,0,0,0,0,0,0,0,0,0,0,0,0,0,0,0,0,0,0,0,0,0,0,0,0,0,0,0,0,0,0,0,0,0,0,0,0,0,0,0,0,0,0,0,0,0,0,0,0,0,0,0,0,0,0,0,0,0,0,0,0,0,0,0,0,0,0,0,0,0,1,0,0,0,0,0,0,0,0,0,0,0,0,0,0,0,0,0,0,0,0,0,0,0,0,0,0,0,0,0,0,0,0,0,0,0,0,0,0,0,0,0,0,0,0,0,0,0,0,0,0,0,0,0,0,0,0,0,0,0,0,0,0,0,0,0,0,0,0,0,3.872983346207417,0,0,0,0,0,0,0,0,0,0,1,0,0,0,0,0,0,0,0,0,0,0,0,0,1.4142135623730951,4.123105625617661,0,0,0,0,0,0,0,0,0,0,3.4641016151377544,0,0,0,0,,"2013","Southeast","Guayama","Guayama Outer Shelf","Intermediate","3","2013Guayama Outer Shelf3","2013_Guayama Outer Shelf","2013_Guayama","2013_Southeast"
0,0,0,0,0,0,0,0,0,1,1,0,0,0,0,0,0,0,0,0,0,0,0,0,0,0,0,0,0,0,0,0,0,0,0,0,0,0,0,0,0,0,0,0,0,0,0,0,0,0,0,1.4142135623730951,2,0,0,0,2.23606797749979,0,0,1.4142135623730951,3.605551275463989,0,0,0,0,0,0,0,0,0,0,0,0,0,0,0,0,1.7320508075688772,0,0,0,0,0,0,0,0,0,0,0,0,0,0,0,0,0,0,0,0,0,0,0,0,1.4142135623730951,0,0,0,0,0,0,0,0,0,0,1.4142135623730951,0,0,0,0,0,0,0,0,0,0,0,0,0,0,0,0,0,0,0,0,0,0,0,0,0,0,0,0,0,0,0,0,0,0,0,0,0,0,0,0,0,0,0,0,0,0,0,0,0,0,0,0,0,0,0,0,0,1,0,0,0,0,0,0,0,0,0,0,0,0,0,0,0,0,0,0,0,0,0,0,0,0,0,0,0,0,0,0,0,0,0,2,0,0,0,0,0,0,0,0,0,0,1,0,0,0,0,0,0,1,0,0,0,0,0,0,1.4142135623730951,2.23606797749979,0,0,0,0,0,0,0,0,0,0,0,0,0,0,0,,"2013","Southeast","Guayama","Guayama Outer Shelf","Intermediate","4","2013Guayama Outer Shelf4","2013_Guayama Outer Shelf","2013_Guayama","2013_Southeast"
0,0,0,0,0,0,0,0,0,0,1.4142135623730951,0,0,0,0,0,0,0,0,0,0,0,0,0,0,0,0,0,0,0,0,0,0,0,0,0,0,0,0,0,0,0,0,0,0,0,0,0,1.4142135623730951,0,0,0,4.358898943540674,0,0,0,0,0,0,0,2.8284271247461903,4,0,0,0,0,0,0,0,0,0,0,0,0,0,0,0,1.7320508075688772,0,0,0,0,0,0,0,0,0,0,0,0,0,0,0,0,0,0,0,0,0,0,0,0,1,0,0,0,0,0,0,0,0,0,0,1.4142135623730951,0,0,0,0,0,0,0,0,1,0,0,0,0,0,0,0,0,0,0,0,0,0,0,0,0,0,0,0,0,0,0,0,0,0,0,0,0,0,0,0,0,0,0,0,0,0,0,0,0,0,0,0,0,0,0,0,0,0,0,0,0,0,0,0,0,0,0,0,0,0,0,0,0,0,0,0,0,1,0,0,0,0,0,0,0,0,0,0,0,0,0,1,0,0,0,0,0,0,0,0,0,0,1,0,0,0,0,0,0,0,0,0,0,0,0,0,1.4142135623730951,2.6457513110645907,0,0,0,0,0,0,0,0,0,0,3.1622776601683795,0,0,0,0,,"2013","Southeast","Guayama","Guayama Outer Shelf","Intermediate","5","2013Guayama Outer Shelf5","2013_Guayama Outer Shelf","2013_Guayama","2013_Southeast"
0,0,0,0,0,0,0,0,0,1,0,0,0,0,0,0,0,0,0,0,0,0,0,1,0,0,1,0,0,0,0,0,0,0,1.4142135623730951,0,0,0,0,0,0,0,0,0,0,0,0,0,1.4142135623730951,0,0,0,1.4142135623730951,0,0,0,0,0,0,0,1,3.7416573867739413,0,0,0,0,0,0,4.47213595499958,0,0,0,0,0,0,0,0,1.4142135623730951,0,0,0,0,0,0,0,0,0,0,0,0,0,0,1,0,0,0,0,0,0,1,0,0,0,0,0,0,0,0,0,0,0,0,0,1,0,0,0,0,0,0,0,0,0,0,0,0,0,0,0,0,0,0,0,0,0,0,0,0,0,0,0,0,0,0,0,0,0,0,0,0,0,0,0,0,0,0,0,0,1,0,0,0,0,0,0,0,0,0,0,0,0,0,0,0,0,0,0,0,0,0,0,0,0,0,0,0,0,0,0,0,0,0,0,0,0,0,0,0,0,0,0,0,0,0,0,0,0,0,0,0,0,0,0,0,0,0,0,0,0,0,0,0,0,1.7320508075688772,0,0,0,0,3,0,0,1,0,0,0,1,0,0,0,0,0,0,2.6457513110645907,0,0,0,0,,"2013","Southeast","Guayama","Guayama Patch Reef","Very Shallow","1","2013Guayama Patch Reef1","2013_Guayama Patch Reef","2013_Guayama","2013_Southeast"
0,0,0,0,0,0,0,0,0,1,0,0,0,0,0,0,0,0,0,0,0,0,0,0,0,0,1,0,0,0,0,0,0,0,1,0,0,0,0,0,0,0,0,0,0,0,0,0,0,0,0,0,1,0,1,0,0,0,0,0,0,3,0,0,0,0,0,0,0,0,0,0,0,0,0,0,0,0,0,0,0,0,0,0,0,0,0,0,0,0,0,0,0,0,0,0,0,0,1,0,0,0,0,0,0,0,0,0,1,0,0,0,0,1.7320508075688772,0,0,0,0,0,0,0,0,0,0,1,0,0,0,1,0,0,0,0,0,0,0,0,0,0,0,0,0,0,0,0,0,0,0,0,0,0,0,0,0,0,0,0,0,1,0,0,0,0,0,0,0,0,0,0,0,0,0,0,0,0,0,0,0,0,0,0,0,0,0,0,0,0,0,0,0,0,0,0,0,0,0,0,0,0,0,0,0,0,0,0,0,0,0,0,0,0,0,0,0,0,0,1,0,0,0,0,0,0,1.4142135623730951,0,0,0,0,2.23606797749979,0,0,1,0,0,0,0,0,0,0,0,0,0,3.4641016151377544,0,0,0,0,,"2013","Southeast","Guayama","Guayama Patch Reef","Very Shallow","2","2013Guayama Patch Reef2","2013_Guayama Patch Reef","2013_Guayama","2013_Southeast"
1,0,0,0,0,0,0,0,0,6.324555320336759,0,0,0,0,0,0,0,1,0,0,0,0,0,0,0,0,1,0,0,0,0,0,0,0,1.4142135623730951,0,0,0,0,0,0,0,0,0,0,0,0,0,0,0,0,0,2.23606797749979,0,2.23606797749979,0,0,0,0,0,0,1,0,0,0,0,0,0,0,0,0,0,0,0,0,0,0,0,0,0,0,0,0,0,0,0,0,0,0,0,0,0,0,0,0,0,0,0,0,1,0,0,0,0,0,0,0,0,0,0,0,0,0,1,0,0,0,0,0,0,0,0,0,0,0,0,0,0,0,0,0,0,0,0,0,0,0,0,0,0,0,0,0,0,0,0,0,0,0,0,0,0,0,0,0,0,0,0,0,0,0,0,0,0,0,0,0,0,0,0,1.4142135623730951,0,0,0,1,0,0,0,0,0,0,0,0,0,0,0,0,0,0,0,0,0,1,0,0,0,0,0,0,0,0,0,0,0,0,0,0,1,0,0,0,0,0,0,0,0,1,0,0,0,0,0,0,2,0,0,0,0,2.6457513110645907,0,0,1,0,0,0,0,0,0,0,0,0,0,1,0,0,0,0,,"2013","Southeast","Guayama","Guayama Patch Reef","Very Shallow","3","2013Guayama Patch Reef3","2013_Guayama Patch Reef","2013_Guayama","2013_Southeast"
2.449489742783178,0,0,0,0,0,0,0,0,0,0,0,0,0,0,0,0,0,0,0,0,0,0,0,0,0,0,0,0,0,0,0,0,0,1.4142135623730951,0,0,0,0,0,0,0,0,0,0,0,0,0,0,0,0,0,0,0,0,0,0,0,0,0,0,0,0,0,0,0,0,0,0,0,0,0,0,0,0,0,0,0,0,0,0,0,0,0,0,0,0,0,0,0,0,0,0,0,0,0,0,0,0,0,0,0,1,0,0,0,0,1,0,0,0,0,0,1,0,0,0,0,0,0,0,0,0,0,0,0,0,0,0,0,0,0,0,0,0,0,0,0,0,0,0,0,0,0,0,0,0,0,0,0,0,0,0,0,0,0,0,0,1.7320508075688772,0,0,0,0,0,0,0,0,0,0,0,0,1,0,1,0,0,0,0,0,0,0,0,0,0,0,0,0,0,0,0,0,0,1,0,0,0,0,0,0,0,0,0,0,0,0,0,0,2.23606797749979,0,0,0,0,0,0,0,0,0,0,1.4142135623730951,0,0,0,0,1,0,0,0,0,2.23606797749979,0,0,0,0,0,0,0,0,0,0,0,0,0,2,0,0,0,0,,"2013","Southeast","Guayama","Guayama Patch Reef","Very Shallow","4","2013Guayama Patch Reef4","2013_Guayama Patch Reef","2013_Guayama","2013_Southeast"
1.4142135623730951,0,0,0,0,0,0,0,0,1.4142135623730951,0,0,0,0,0,0,0,1,0,0,0,0,0,1,0,0,0,0,0,0,0,0,0,0,1,0,0,0,0,0,0,0,0,0,0,0,0,0,0,0,0,0,1,0,0,0,0,0,0,0,0,2.23606797749979,0,0,0,0,1.4142135623730951,0,0,0,0,0,0,0,0,0,0,0,0,0,0,0,0,0,0,0,0,0,0,0,0,0,1,0,0,0,0,0,0,0,0,0,1.7320508075688772,0,0,0,0,0,0,0,0,0,0,1.4142135623730951,0,0,0,0,0,0,0,0,0,0,0,0,0,0,0,0,0,0,0,0,0,0,0,0,0,0,0,0,0,0,0,0,0,0,0,0,0,0,0,0,0,0,0,0,1.7320508075688772,0,0,0,0,0,0,0,0,0,0,0,0,0,0,1,0,0,0,0,0,0,0,0,0,0,0,0,0,0,0,0,0,0,1,0,0,0,0,0,0,0,0,0,0,0,0,1.4142135623730951,0,0,0,0,0,0,0,0,0,0,0,0,0,0,0,1,0,1,0,0,0,0,3,0,0,1,0,0,0,0,0,0,0,0,0,0,0,0,0,0,0,,"2013","Southeast","Guayama","Guayama Patch Reef","Very Shallow","5","2013Guayama Patch Reef5","2013_Guayama Patch Reef","2013_Guayama","2013_Southeast"
0,0,0,0,0,0,0,0,1,0,2.23606797749979,0,0,0,0,0,0,0,0,0,0,0,0,0,0,0,0,0,0,0,0,0,0,0,0,0,0,0,0,0,1,0,0,0,1,0,0,0,0,0,0,0,0,0,0,0,0,0,0,0,0,0,0,0,0,0,0,0,0,0,0,0,0,0,0,0,0,0,0,0,0,0,0,0,0,0,0,0,0,0,0,0,0,0,0,0,0,0,0,0,0,0,0,0,0,0,0,0,0,0,0,1.4142135623730951,0,0,0,0,0,0,0,0,0,0,0,0,1.4142135623730951,0,0,0,0,0,0,0,0,0,0,1,0,0,0,0,0,0,0,0,0,0,0,0,0,0,0,0,0,0,0,0,0,0,1,0,0,0,0,0,0,0,0,0,0,0,0,0,0,1,0,0,0,0,0,0,0,0,0,0,0,0,0,0,0,0,0,0,0,0,0,0,0,0,0,0,0,0,0,0,0,2.23606797749979,0,0,0,0,0,0,0,0,0,0,0,0,0,0,0,0,0,0,0,0,0,0,2.6457513110645907,0,3,1.7320508075688772,0,0,0,0,0,0,0,0,0,0,2.449489742783178,0,0,0,0,,"2016","Southeast","Salinas","Cayo Caribes (2016)","Shallow","1","2016Cayo Caribes (2016)1","2016_Cayo Caribes (2016)","2016_Salinas","2016_Southeast"
0,0,0,0,0,0,0,0,0,0,1,0,0,0,0,0,0,0,0,0,0,0,0,0,0,0,0,0,0,0,0,0,0,0,0,0,0,0,0,0,0,0,0,0,0,0,0,0,0,0,0,0,0,0,0,0,0,0,0,0,0,0,0,0,0,0,0,0,0,0,0,0,0,0,0,0,0,0,0,0,0,0,0,0,0,0,0,0,0,0,0,0,0,0,0,0,0,0,0,0,0,0,0,0,0,0,1,0,0,0,0,0,0,0,2,0,0,0,0,0,0,0,0,0,0,0,0,0,0,0,0,0,0,0,0,0,0,0,0,0,0,0,0,0,0,0,0,0,0,0,0,0,0,0,0,0,0,0,1,0,0,0,0,0,0,0,0,0,0,0,0,0,0,0,0,0,0,0,0,0,0,0,0,0,0,0,0,0,0,0,0,0,0,0,0,0,0,0,0,0,0,0,0,0,0,3.1622776601683795,0,0,0,0,0,0,0,0,0,0,0,0,1,0,0,0,0,0,0,0,0,0,3.1622776601683795,0,2,2.6457513110645907,0,0,0,0,0,0,0,0,0,0,4.58257569495584,0,0,0,0,,"2016","Southeast","Salinas","Cayo Caribes (2016)","Shallow","2","2016Cayo Caribes (2016)2","2016_Cayo Caribes (2016)","2016_Salinas","2016_Southeast"
0,0,0,0,0,0,0,0,1,1,0,0,0,0,0,0,0,0,0,0,0,0,0,0,0,0,0,0,0,0,0,0,0,0,0,0,0,0,0,0,0,0,0,0,0,0,0,0,0,0,0,0,0,0,0,0,0,0,0,0,0,0,0,0,0,0,0,0,0,0,0,0,0,0,0,0,0,0,0,0,0,0,0,0,0,0,0,0,0,0,0,0,0,0,0,0,0,0,0,0,0,0,0,0,0,0,0,0,0,0,0,2,0,0,0,0,0,0,0,0,0,0,0,0,1,0,0,0,0,0,0,0,0,0,0,0,0,0,0,0,0,0,0,0,0,0,0,0,0,0,0,0,0,0,0,0,0,0,1,0,0,0,0,0,0,0,0,0,0,0,0,0,0,0,0,0,0,0,0,0,0,0,0,0,0,0,0,0,0,0,0,0,0,0,0,0,0,0,1.4142135623730951,0,0,0,0,0,0,2.23606797749979,0,0,0,0,0,0,0,0,0,0,1.4142135623730951,0,1.7320508075688772,0,1,0,0,0,0,0,0,0,2.23606797749979,0,2.449489742783178,1,0,0,0,0,0,0,0,0,0,0,5,0,0,0,0,,"2016","Southeast","Salinas","Cayo Caribes (2016)","Shallow","3","2016Cayo Caribes (2016)3","2016_Cayo Caribes (2016)","2016_Salinas","2016_Southeast"
0,0,0,0,0,0,0,0,1,1,1,0,0,0,1,0,0,0,0,0,0,0,0,0,0,0,0,0,0,0,0,0,0,0,0,0,0,0,0,0,0,0,0,0,0,0,0,0,0,0,0,0,0,0,0,0,0,0,0,0,0,0,0,0,0,0,0,0,0,0,0,0,0,0,0,0,0,0,0,0,0,0,0,0,0,0,0,0,0,0,0,0,0,0,0,0,0,0,0,0,0,0,0,0,0,0,0,0,0,0,0,1.4142135623730951,0,0,1,0,0,0,0,0,0,0,0,0,1.4142135623730951,0,0,0,0,0,0,0,0,0,0,0,0,0,0,0,0,0,0,0,0,0,0,0,0,0,0,0,0,0,0,0,0,0,0,0,0,0,0,0,0,0,0,0,0,0,0,0,0,1,0,0,0,0,0,0,0,0,0,0,0,0,0,0,0,0,0,0,0,0,0,0,0,0,0,0,0,0,0,0,0,0,0,0,0,0,0,0,0,0,0,0,0,0,1,0,0,0,0,0,0,0,0,0,0,0,1.7320508075688772,1.4142135623730951,0,0,0,0,0,0,0,0,0,0,3.4641016151377544,0,0,0,0,,"2016","Southeast","Salinas","Cayo Caribes (2016)","Shallow","4","2016Cayo Caribes (2016)4","2016_Cayo Caribes (2016)","2016_Salinas","2016_Southeast"
0,0,0,0,0,0,0,0,0,2,1.4142135623730951,0,0,0,1,0,0,0,0,0,0,0,0,0,0,0,0,0,0,0,0,0,0,0,0,0,0,0,0,0,0,0,0,0,0,0,0,0,0,0,0,0,0,0,0,0,0,0,0,0,0,0,0,0,0,0,0,0,0,0,0,0,0,0,0,0,0,0,0,0,0,0,0,0,0,0,0,0,0,0,0,0,0,0,0,0,0,0,0,0,0,0,0,0,0,0,0,0,0,0,0,1.7320508075688772,0,0,0,0,0,0,0,0,0,0,0,0,0,0,0,0,0,0,0,0,0,0,0,0,0,0,0,0,0,0,0,0,0,0,0,0,0,0,0,0,0,0,0,0,0,0,0,0,0,0,0,0,0,0,0,0,0,0,0,0,0,0,0,0,0,0,0,0,0,0,0,0,0,0,0,0,0,0,0,0,0,0,0,0,0,0,0,0,0,0,0,0,0,2.23606797749979,0,0,0,0,0,0,0,0,0,0,1.4142135623730951,0,1,0,0,0,0,0,0,0,0,0,1,0,1.4142135623730951,1.7320508075688772,0,0,0,0,0,0,0,0,0,0,1.4142135623730951,0,0,0,0,,"2016","Southeast","Salinas","Cayo Caribes (2016)","Shallow","5","2016Cayo Caribes (2016)5","2016_Cayo Caribes (2016)","2016_Salinas","2016_Southeast"
0,0,0,0,0,0,0,0,0,3.872983346207417,0,0,0,0,0,0,0,0,0,0,0,0,0,0,0,0,0,0,0,0,0,0,0,0,0,0,0,0,0,0,0,0,0,0,0,0,0,0,0,0,0,0,0,0,0,0,0,0,0,0,0,0,0,0,0,0,0,0,0,0,0,0,0,0,0,0,0,0,0,0,0,0,0,0,0,0,0,0,0,0,0,0,0,0,0,0,0,0,0,0,0,0,0,0,0,0,0,0,0,0,0,2.23606797749979,0,0,0,0,0,0,0,0,0,0,0,0,0,0,0,0,0,0,0,0,0,0,0,0,0,0,0,0,0,0,0,0,0,0,0,0,0,0,0,0,0,0,0,0,0,0,0,0,0,0,0,0,0,0,0,0,0,0,0,0,0,1,0,0,0,0,0,0,0,0,0,0,0,0,0,0,0,0,0,0,0,0,0,0,0,0,0,0,0,0,0,0,0,0,0,0,0,0,0,0,0,0,0,0,0,0,1.7320508075688772,0,0,0,0,0,0,0,0,0,3.1622776601683795,0,1.7320508075688772,1.4142135623730951,0,0,0,0,0,0,0,0,0,0,2.8284271247461903,0,0,0,0,,"2016","Southeast","Salinas","Cayo Ratones","Very Shallow","1","2016Cayo Ratones1","2016_Cayo Ratones","2016_Salinas","2016_Southeast"
0,0,0,0,0,0,0,0,0,4.242640687119285,2,0,0,0,0,0,0,0,0,0,0,0,0,0,0,0,0,0,0,0,0,0,0,0,1,0,0,0,0,0,0,0,0,0,0,0,0,0,0,0,0,0,0,0,0,0,0,0,0,0,0,0,0,0,0,0,0,0,0,0,0,0,0,0,0,0,0,1,0,0,0,0,0,0,0,1,0,0,0,0,0,0,0,0,0,0,0,0,0,0,0,0,1.7320508075688772,0,0,0,0,0,0,0,0,0,0,0,0,0,0,0,0,0,0,0,0,0,1,0,0,0,0,0,0,0,0,0,0,0,0,0,0,0,0,0,0,0,0,0,0,0,0,0,0,0,0,0,0,0,0,0,0,0,0,0,0,0,0,0,0,0,0,0,0,0,0,0,0,0,0,0,0,0,0,0,0,0,0,0,0,0,0,0,0,0,0,0,0,0,0,0,0,0,0,0,0,0,0,0,0,0,0,0,0,0,0,0,0,0,0,0,1,0,0,0,0,1,0,0,0,0,1.7320508075688772,0,1,0,0,0,0,0,0,0,0,0,0,0,1.7320508075688772,0,0,0,0,,"2016","Southeast","Salinas","Cayo Ratones","Very Shallow","2","2016Cayo Ratones2","2016_Cayo Ratones","2016_Salinas","2016_Southeast"
0,0,0,0,0,0,0,0,0,3.872983346207417,3.872983346207417,0,0,0,0,0,0,0,0,0,0,0,0,0,0,0,0,0,0,0,0,0,0,0,0,0,0,0,0,0,0,0,0,0,0,0,0,0,0,0,0,0,0,0,0,0,0,0,0,0,0,0,0,0,0,0,0,0,0,0,0,0,0,0,0,0,0,0,0,0,0,0,0,0,0,0,0,0,0,0,0,0,0,0,0,0,0,0,0,0,0,0,0,0,0,0,0,0,0,0,0,2.23606797749979,0,0,1,0,0,0,0,0,0,0,0,1,0,0,0,0,0,0,0,1,0,0,0,0,0,0,0,0,0,0,0,0,0,0,0,1,0,0,0,0,0,0,0,0,0,0,0,0,0,0,0,0,0,0,0,0,0,0,0,0,0,0,0,0,0,0,0,0,0,0,0,0,0,0,0,0,0,0,0,0,0,0,0,0,0,0,0,0,0,0,0,0,0,4.47213595499958,0,0,0,0,0,0,0,0,0,0,0,0,0,0,0,0,0,1,0,0,0,0,1.4142135623730951,0,0,0,0,0,0,0,0,0,0,0,0,0,4.47213595499958,0,0,0,0,,"2016","Southeast","Salinas","Cayo Ratones","Very Shallow","3","2016Cayo Ratones3","2016_Cayo Ratones","2016_Salinas","2016_Southeast"
0,0,0,0,0,0,0,0,0,4.47213595499958,1,0,0,0,0,0,0,0,0,0,0,0,0,0,0,0,0,0,0,0,0,0,0,0,0,0,0,0,0,0,0,0,0,0,0,0,0,0,0,0,0,1,0,0,0,0,0,0,0,0,0,0,0,0,0,0,0,0,0,0,0,0,0,0,0,0,0,0,0,0,0,0,0,0,0,0,0,0,0,0,0,0,0,0,0,0,0,0,0,0,0,0,0,0,0,0,0,0,0,0,0,2.23606797749979,0,0,1,0,0,0,0,0,0,0,0,0,0,0,0,0,0,0,0,0,0,0,0,0,0,0,0,0,0,0,0,0,0,0,0,0,0,0,0,0,0,0,0,0,0,0,0,0,0,0,0,0,0,0,0,0,0,0,0,0,0,0,0,0,0,0,0,0,0,0,0,0,0,0,0,0,0,0,0,0,0,0,0,0,0,0,0,0,0,0,0,0,0,2.23606797749979,0,0,0,0,0,0,0,0,0,0,0,0,0,0,0,0,0,1,0,0,0,0,1.7320508075688772,0,0,1,0,0,0,0,0,0,0,0,0,0,2.449489742783178,0,0,0,0,,"2016","Southeast","Salinas","Cayo Ratones","Very Shallow","4","2016Cayo Ratones4","2016_Cayo Ratones","2016_Salinas","2016_Southeast"
0,0,0,0,0,0,0,0,0,2.23606797749979,1,0,0,0,0,0,0,0,0,0,0,0,0,0,0,0,0,0,0,0,0,0,0,0,0,0,0,0,0,0,0,0,0,0,0,0,0,0,0,0,0,0,0,0,0,0,0,0,0,0,0,0,0,0,0,0,0,0,0,0,0,0,0,0,0,0,0,0,0,0,0,0,0,0,0,0,0,0,0,0,0,0,0,0,0,0,0,0,0,0,0,0,0,0,0,0,0,0,0,0,0,2.23606797749979,0,0,0,0,0,0,0,0,0,0,0,0,1,0,0,0,0,0,0,0,0,0,0,0,0,0,0,0,0,0,0,0,0,0,0,0,0,0,0,0,0,0,0,0,0,0,0,0,0,0,0,0,0,0,0,0,0,0,0,0,0,0,0,0,0,0,0,0,0,0,0,0,0,0,0,0,0,0,0,0,0,0,0,0,0,0,0,0,0,0,0,0,0,0,0,0,0,0,0,0,0,0,0,0,0,0,0,0,0,0,0,2.23606797749979,0,0,0,0,1.7320508075688772,0,1,1,0,0,0,0,0,0,0,0,0,0,1,0,0,0,0,,"2016","Southeast","Salinas","Cayo Ratones","Very Shallow","5","2016Cayo Ratones5","2016_Cayo Ratones","2016_Salinas","2016_Southeast"
0,0,0,0,0,0,0,0,0,0,1,0,0,0,0,0,0,0,0,0,0,0,0,1,0,0,0,0,0,0,0,0,0,0,0,0,0,0,0,0,0,0,0,0,0,0,0,0,0,0,0,0,0,0,0,0,0,0,0,0,0,0,1,0,0,0,0,0,0,0,0,0,0,0,0,0,0,1.7320508075688772,0,0,0,0,0,0,0,0,0,0,0,0,0,0,0,0,0,0,0,0,0,0,0,0,0,0,0,0,0,0,0,0,0,0,0,0,0,0,0,0,0,0,0,0,0,0,1,0,0,0,0,0,0,0,0,0,0,0,0,0,0,0,0,0,0,0,0,0,0,0,0,0,0,0,0,0,0,0,0,0,0,0,0,0,0,0,0,0,0,0,0,0,0,0,0,1,0,1,0,0,0,0,0,1,0,0,0,0,0,0,0,0,0,0,0,0,0,0,0,0,0,0,0,0,0,0,0,0,0,2.6457513110645907,0,0,0,0,0,0,0,0,1,0,1.7320508075688772,0,0,0,0,1.4142135623730951,0,0,0,0,3,0,0,1.4142135623730951,0,1,0,0,0,0,0,0,0,0,2.23606797749979,0,0,0,0,,"2017","Southeast","Salinas","Cayo Caribes (2016)","Shallow","1","2017Cayo Caribes (2016)1","2017_Cayo Caribes (2016)","2017_Salinas","2017_Southeast"
0,0,0,0,0,0,0,0,2,1.4142135623730951,0,0,0,0,1,0,0,0,0,0,0,0,0,0,0,0,0,0,0,0,0,0,0,0,0,0,0,0,0,0,0,0,0,0,0,0,0,0,0,0,0,1,0,0,0,0,0,0,0,0,0,0,0,0,0,0,0,0,0,0,0,0,0,0,0,0,0,0,0,0,0,0,0,0,0,0,0,0,0,0,0,0,0,0,0,0,0,0,0,0,0,0,0,0,0,0,0,0,0,0,0,0,0,1,1.7320508075688772,0,1,0,0,0,0,0,0,0,1.4142135623730951,0,0,0,0,0,0,0,0,0,0,0,0,0,0,0,0,0,0,0,0,0,0,0,0,0,0,0,0,0,0,0,0,0,0,0,0,0,0,0,0,0,0,0,0,0,0,0,0,0,0,0,0,0,0,0,0,0,0,0,0,0,0,0,0,0,0,0,0,0,0,0,0,0,0,0,0,0,0,0,0,0,0,1,0,0,0,0,0,0,0,0,0,0,1.4142135623730951,0,0,0,0,1.4142135623730951,0,0,0,0,2.23606797749979,0,1,1.4142135623730951,0,1.4142135623730951,0,0,0,0,0,0,0,0,3.7416573867739413,0,0,0,0,,"2017","Southeast","Salinas","Cayo Caribes (2016)","Shallow","2","2017Cayo Caribes (2016)2","2017_Cayo Caribes (2016)","2017_Salinas","2017_Southeast"
0,0,0,0,0,0,0,0,2.449489742783178,0,0,0,0,0,1,0,0,0,0,0,0,0,0,0,0,0,0,0,0,0,0,0,1,0,0,0,0,0,0,0,0,0,0,0,0,0,0,0,0,0,0,0,0,0,0,0,0,0,0,0,0,0,1,0,0,0,0,0,0,0,0,0,0,0,0,0,0,1,0,0,0,0,0,0,0,0,0,0,0,0,0,0,0,0,0,0,0,0,0,0,0,0,0,0,0,0,0,1,0,0,0,0,0,0,2,0,0,0,0,0,0,0,0,0,1,0,0,0,0,0,0,0,0,0,0,0,0,0,0,0,0,0,0,0,0,0,0,0,0,0,0,0,0,0,0,0,0,0,0,0,0,0,0,0,0,0,0,0,0,0,0,0,0,0,0,0,0,0,0,0,0,0,0,0,0,0,0,0,0,0,0,1,0,0,0,0,0,0,0,0,0,0,0,0,0,1.4142135623730951,0,2.6457513110645907,0,0,0,0,0,0,0,0,0,0,0,0,0,0,0,1.4142135623730951,0,0,0,0,1.7320508075688772,0,1.4142135623730951,0,0,1,0,0,0,0,0,0,0,0,2.449489742783178,0,0,0,0,,"2017","Southeast","Salinas","Cayo Caribes (2016)","Shallow","3","2017Cayo Caribes (2016)3","2017_Cayo Caribes (2016)","2017_Salinas","2017_Southeast"
0,0,0,0,0,0,0,0,1.4142135623730951,0,0,0,0,0,1.4142135623730951,0,0,0,0,0,0,0,0,0,0,0,0,0,0,0,0,0,0,0,0,0,0,0,0,0,0,0,0,0,0,0,0,0,0,0,0,0,0,0,0,0,0,0,0,0,0,0,0,0,0,0,0,0,0,0,0,0,0,0,0,0,0,1,0,0,0,0,0,0,0,0,0,0,0,0,0,0,0,0,0,0,0,0,0,0,0,0,0,0,0,0,0,0,0,0,0,1,0,0,1.4142135623730951,0,0,0,0,0,0,0,0,0,0,0,0,0,0,0,0,0,0,0,0,0,0,0,0,0,0,0,0,0,0,0,0,0,0,0,0,0,0,0,0,0,0,0,0,0,0,0,0,0,0,0,0,0,0,0,0,0,0,2,0,0,0,0,0,0,0,0,0,0,0,0,0,0,0,0,0,0,0,0,0,0,0,0,0,0,0,0,0,0,0,2,0,2.23606797749979,0,0,0,0,0,0,0,0,1.4142135623730951,0,1.7320508075688772,0,0,1,0,0,0,0,0,0,2.6457513110645907,0,1,1.4142135623730951,0,1,0,0,0,0,0,0,0,0,3,0,0,0,0,,"2017","Southeast","Salinas","Cayo Caribes (2016)","Shallow","4","2017Cayo Caribes (2016)4","2017_Cayo Caribes (2016)","2017_Salinas","2017_Southeast"
0,0,0,0,0,0,0,0,1.7320508075688772,0,0,0,0,0,0,0,0,0,0,0,0,0,0,0,0,0,0,0,0,0,0,0,0,0,0,0,0,0,0,0,0,0,0,0,0,0,0,0,0,0,0,0,0,0,0,0,0,0,0,0,0,0,1,0,0,0,0,0,0,0,0,0,0,0,0,0,0,0,0,0,0,0,0,1,0,0,0,0,0,0,0,0,0,0,0,0,0,0,0,0,0,0,0,0,0,0,0,0,0,0,0,1,0,0,1.4142135623730951,0,0,0,0,0,0,0,0,0,0,0,0,0,0,0,0,0,0,1,0,0,0,0,0,0,0,0,0,0,0,0,0,0,0,0,0,0,0,0,0,0,1,0,0,0,0,0,0,0,0,0,0,0,0,0,0,0,0,1,0,0,0,0,0,0,0,1,0,0,0,0,0,0,0,0,0,0,0,0,0,0,0,0,0,0,0,0,0,0,0,0,0,2.6457513110645907,0,0,0,0,0,0,0,0,1.4142135623730951,0,1,0,1.4142135623730951,0,0,0,0,0,0,0,1,0,1,0,0,1,0,0,0,0,0,0,0,0,2.8284271247461903,0,0,0,0,,"2017","Southeast","Salinas","Cayo Caribes (2016)","Shallow","5","2017Cayo Caribes (2016)5","2017_Cayo Caribes (2016)","2017_Salinas","2017_Southeast"
0,0,0,0,0,0,0,0,2,0,1,0,0,0,0,0,0,0,0,0,0,0,0,0,0,0,0,0,0,0,0,0,0,0,0,0,0,0,0,0,0,0,0,0,0,0,0,0,0,0,0,0,0,0,0,0,0,0,0,0,0,0,0,0,0,0,0,0,0,0,0,0,0,0,0,0,0,0,0,0,0,0,0,0,0,0,0,0,0,0,0,0,0,0,0,0,0,0,0,0,0,0,0,0,0,0,0,0,0,0,0,1,0,1,0,0,0,0,0,0,0,0,0,0,0,0,0,0,0,0,0,0,0,0,0,0,0,0,0,0,0,0,0,0,0,0,0,0,0,0,0,0,0,0,0,0,0,0,0,0,0,0,0,0,0,0,0,0,0,0,0,0,0,1,0,0,0,0,0,0,0,0,0,0,0,0,0,0,0,0,0,0,0,0,0,0,0,0,0,0,0,0,0,0,0,1.4142135623730951,0,1,0,0,0,0,0,0,0,0,0,0,1.7320508075688772,0,0,0,0,1,0,0,0,0,2.23606797749979,0,1,1.4142135623730951,0,0,0,0,0,0,0,0,0,0,2.23606797749979,0,0,0,0,,"2017","Southeast","Salinas","Cayo Ratones","Very Shallow","1","2017Cayo Ratones1","2017_Cayo Ratones","2017_Salinas","2017_Southeast"
0,0,0,0,0,0,0,0,1.4142135623730951,1,1,0,0,0,0,0,0,0,0,0,0,0,0,0,0,0,0,0,0,0,0,0,0,0,0,0,0,0,0,0,0,0,0,0,0,0,0,0,0,0,0,0,0,0,0,0,0,0,0,0,0,0,0,0,0,0,0,0,0,0,0,0,0,0,0,0,0,1.7320508075688772,0,0,0,0,0,0,0,0,0,0,0,0,0,0,0,0,0,0,0,0,0,0,0,0,1,0,0,0,1.4142135623730951,0,0,0,0,1,0,0,0,1,1,0,0,0,0,0,0,0,1,0,0,0,0,0,0,0,0,0,0,0,0,0,0,0,0,0,0,0,0,0,0,1.7320508075688772,0,0,0,0,0,0,0,0,0,0,1,0,0,0,0,0,0,0,0,0,0,0,0,0,0,0,0,0,0,0,0,0,0,0,0,0,0,0,0,0,0,0,0,0,0,0,0,0,0,0,0,0,0,0,0,0,0,0,0,0,0,0,0,0,0,0,0,0,0,0,1.4142135623730951,0,0,0,0,1,0,0,0,0,1,0,0,1,0,0,0,0,0,0,0,0,0,0,3.605551275463989,0,0,0,0,,"2017","Southeast","Salinas","Cayo Ratones","Very Shallow","2","2017Cayo Ratones2","2017_Cayo Ratones","2017_Salinas","2017_Southeast"
0,0,0,0,0,0,0,0,1.4142135623730951,1,0,0,0,0,0,0,0,0,0,0,0,0,0,0,0,0,0,0,0,0,0,0,0,0,0,0,0,0,0,0,0,0,0,0,0,0,0,0,0,0,0,0,0,0,0,0,0,0,0,0,0,0,0,0,0,0,0,0,0,0,0,0,0,0,0,0,0,0,0,0,0,0,0,0,0,0,0,0,0,0,0,0,0,0,0,0,0,0,0,0,0,0,0,0,0,0,1,0,0,0,0,0,0,0,0,1.4142135623730951,0,0,0,0,0,0,0,0,1.4142135623730951,0,0,0,0,0,0,1,1,0,0,0,0,0,0,0,0,0,0,0,0,0,0,0,0,0,0,0,0,0,0,0,0,0,1,0,0,0,0,0,0,0,0,0,0,0,0,0,0,0,0,0,0,0,0,0,0,0,0,0,0,0,0,0,0,0,0,0,0,0,0,0,0,0,0,0,0,0,0,0,0,0,0,0,0,0,0,0,0,0,0,0,0,0,1,0,0,0,0,1,0,0,0,0,1.7320508075688772,0,0,0,0,1,0,0,0,0,0,0,0,0,1,0,0,0,0,,"2017","Southeast","Salinas","Cayo Ratones","Very Shallow","3","2017Cayo Ratones3","2017_Cayo Ratones","2017_Salinas","2017_Southeast"
1,0,0,0,0,0,0,0,3,1.4142135623730951,0,0,0,0,0,0,0,0,0,0,0,0,0,0,0,0,0,0,0,0,0,0,0,0,0,0,0,0,0,0,1,0,0,0,0,0,0,0,0,0,0,0,0,0,0,0,0,0,0,0,0,0,0,0,0,0,0,0,0,0,0,0,0,0,0,0,0,0,0,0,0,0,0,0,0,0,0,0,0,0,0,0,0,0,0,0,0,0,0,0,0,0,0,0,0,0,0,0,0,0,0,1,0,1.4142135623730951,0,1.4142135623730951,1.4142135623730951,0,0,0,0,0,0,0,1.4142135623730951,0,0,0,0,0,0,0,0,0,0,0,0,0,0,0,0,0,0,0,0,0,0,0,0,0,0,0,0,0,0,0,0,0,0,0,0,0,0,0,0,0,0,0,0,0,0,0,0,1,0,0,0,0,0,0,0,0,0,0,0,0,0,0,0,0,0,0,0,0,0,0,0,0,0,0,0,0,0,0,0,0,0,2.449489742783178,0,0,0,0,0,0,0,0,0,0,0,0,1,0,0,1,0,0,0,0,2,0,0,0,0,0,0,0,0,0,0,0,0,0,3.1622776601683795,0,0,0,0,,"2017","Southeast","Salinas","Cayo Ratones","Very Shallow","4","2017Cayo Ratones4","2017_Cayo Ratones","2017_Salinas","2017_Southeast"
0,0,0,0,0,0,0,0,1,1,0,0,0,0,0,0,0,0,0,0,0,0,0,0,0,0,0,0,0,0,0,0,0,0,0,0,0,0,0,0,0,0,0,0,0,0,0,0,1,0,0,0,0,0,0,0,0,0,0,0,0,0,0,0,0,0,0,0,0,0,0,0,0,0,0,0,0,0,0,0,0,0,0,0,0,0,0,0,0,0,0,0,0,0,0,0,0,0,0,0,0,0,0,0,0,0,0,0,0,0,0,1,0,1.4142135623730951,1.4142135623730951,0,1,0,0,0,0,0,0,0,1,0,0,0,0,0,0,0,0,0,0,0,0,0,0,0,0,0,0,0,0,0,0,1,0,0,0,0,0,0,0,0,0,0,0,0,0,0,0,0,0,0,0,0,0,0,0,0,0,0,0,0,0,0,0,0,0,0,0,0,0,0,0,0,0,0,0,0,0,0,0,0,0,0,0,0,0,0,0,0,0,0,0,2,0,0,0,0,0,0,0,0,0,0,1.4142135623730951,0,0,0,0,1.7320508075688772,0,0,0,0,2,0,0,0,0,0,0,0,0,0,0,0,0,0,3.605551275463989,0,0,0,0,,"2017","Southeast","Salinas","Cayo Ratones","Very Shallow","5","2017Cayo Ratones5","2017_Cayo Ratones","2017_Salinas","2017_Southeast"
0,0,0,0,0,0,0,0,1.7320508075688772,0,1.4142135623730951,0,0,0,1,0,0,0,0,0,0,0,0,0,0,0,0,0,0,0,0,0,0,0,1,0,0,0,0,0,0,0,0,0,0,0,0,0,0,0,0,0,0,0,0,0,0,0,0,0,0,0,0,0,0,0,0,0,0,0,0,0,0,0,0,0,0,0,0,0,0,0,0,0,0,0,0,0,0,0,0,0,0,0,0,0,0,0,0,0,0,0,0,0,0,0,0,0,0,0,0,0,0,0,1.4142135623730951,0,0,0,0,0,0,0,1.4142135623730951,0,1.4142135623730951,0,0,0,0,0,0,0,0,1,0,0,0,0,0,0,0,0,0,0,0,0,0,0,0,0,0,0,0,0,0,0,1,0,0,0,0,0,0,0,0,0,0,0,0,0,0,0,0,1,0,0,0,0,0,0,0,0,0,0,0,0,0,0,0,0,0,0,0,0,0,0,0,0,0,0,0,0,0,0,0,1.7320508075688772,0,2.6457513110645907,0,0,0,0,0,0,0,0,1,0,0,0,0,0,0,0,0,0,0,0,2,0,1,1.4142135623730951,0,1.4142135623730951,0,0,0,0,0,0,0,0,3.605551275463989,0,0,0,0,,"2019","Southeast","Salinas","Cayo Caribes (2016)","shallow","1","2019Cayo Caribes (2016)1","2019_Cayo Caribes (2016)","2019_Salinas","2019_Southeast"
0,0,0,0,0,0,0,0,1.7320508075688772,0,0,0,0,0,1.4142135623730951,0,0,0,0,0,0,0,0,0,0,0,0,0,0,0,0,0,0,0,0,0,0,0,0,0,0,0,0,0,0,0,0,0,0,0,0,0,0,0,0,0,0,0,0,0,0,0,0,0,0,0,0,0,0,0,0,0,0,0,0,0,0,1,0,0,0,0,0,0,0,0,0,0,0,0,0,0,0,0,0,0,0,0,0,0,0,0,0,0,0,0,0,0,0,0,0,0,0,0,0,1.4142135623730951,0,0,0,0,0,0,0,0,1.4142135623730951,0,0,0,0,0,0,1,0,0,0,0,0,0,0,0,0,0,0,0,0,0,0,0,0,0,0,0,0,0,0,0,0,0,0,0,0,0,0,0,0,0,0,0,0,0,0,0,0,0,0,0,0,0,0,0,0,0,0,0,0,0,0,0,0,0,1,0,0,0,0,0,0,0,0,0,0,0,0,0,0,0,0,4.123105625617661,0,0,0,0,0,0,0,0,0,0,0,0,1.4142135623730951,0,0,1,0,0,0,0,2.8284271247461903,0,2,1.4142135623730951,0,1.4142135623730951,0,0,0,0,0,0,0,0,4.242640687119285,0,0,0,0,,"2019","Southeast","Salinas","Cayo Caribes (2016)","shallow","2","2019Cayo Caribes (2016)2","2019_Cayo Caribes (2016)","2019_Salinas","2019_Southeast"
0,0,0,0,0,0,0,0,0,0,2,0,0,0,1.4142135623730951,0,0,0,0,0,0,0,0,0,0,0,0,0,0,0,0,0,0,0,0,0,0,0,0,0,0,0,0,0,0,0,0,0,0,0,0,0,0,0,0,0,0,0,0,0,0,0,1,0,0,0,0,0,0,0,0,0,0,0,0,0,0,1.4142135623730951,0,0,0,0,0,0,0,0,0,0,0,0,0,0,0,0,0,0,0,0,0,0,0,0,0,0,0,0,0,0,0,0,0,0,0,1,1,1,0,0,0,0,0,0,0,0,0,0,0,0,0,0,0,0,0,0,0,0,0,0,0,0,0,0,0,0,0,0,0,0,0,0,0,0,0,0,0,0,1.4142135623730951,0,0,0,0,0,0,0,0,0,0,0,0,0,0,0,0,0,0,0,0,0,0,0,0,0,0,0,0,0,0,0,0,0,0,0,0,0,0,0,0,0,0,0,0,0,0,0,0,0,1.4142135623730951,2.23606797749979,0,0,0,0,0,0,0,0,1,0,0,0,0,0,0,1,0,0,0,0,2.23606797749979,0,2,2,0,1.7320508075688772,0,0,0,0,0,0,0,0,3.1622776601683795,0,0,0,0,,"2019","Southeast","Salinas","Cayo Caribes (2016)","shallow","3","2019Cayo Caribes (2016)3","2019_Cayo Caribes (2016)","2019_Salinas","2019_Southeast"
0,0,0,0,0,0,0,0,1.4142135623730951,0,1.4142135623730951,0,0,0,1,0,0,0,0,0,0,0,0,0,0,0,0,0,0,0,0,0,0,0,1,0,0,0,0,0,0,0,0,0,0,0,0,0,0,0,0,0,0,0,0,0,0,0,0,0,0,0,1.4142135623730951,0,0,0,0,0,0,0,0,0,0,0,0,0,0,0,0,0,0,0,0,0,0,0,0,0,0,0,0,0,0,0,0,0,0,0,0,0,0,0,1,0,0,0,0,0,0,0,0,0,0,0,1.4142135623730951,1.4142135623730951,0,0,0,0,0,0,0,0,0,0,0,0,0,0,0,0,0,0,0,0,0,0,0,0,0,0,0,0,0,0,0,0,0,0,0,0,0,0,0,0,0,0,0,0,0,0,0,0,0,0,0,0,0,0,0,0,0,0,0,0,0,0,0,0,0,0,0,0,0,0,0,0,0,0,0,0,0,0,0,0,0,0,0,0,0,0,0,0,0,0,2.8284271247461903,2,0,0,0,0,0,0,0,0,1.4142135623730951,0,0,0,2.23606797749979,0,0,1.4142135623730951,0,0,0,0,2.8284271247461903,0,1,1.7320508075688772,0,0,0,0,0,0,0,0,0,0,3.4641016151377544,0,0,0,0,,"2019","Southeast","Salinas","Cayo Caribes (2016)","shallow","4","2019Cayo Caribes (2016)4","2019_Cayo Caribes (2016)","2019_Salinas","2019_Southeast"
0,0,0,0,0,0,0,0,0,0,1.7320508075688772,0,0,0,1,0,0,0,0,0,0,0,0,0,0,0,0,0,0,0,0,0,0,0,1,0,0,0,0,0,0,0,0,0,0,0,0,0,0,0,0,0,0,0,0,0,0,0,0,0,0,0,0,0,0,0,0,0,0,0,0,0,0,0,0,0,0,0,0,0,0,0,0,0,0,0,0,0,0,0,0,0,0,0,0,0,0,0,0,0,0,0,0,0,0,0,0,0,0,0,0,0,0,0,1,1.4142135623730951,0,0,0,0,0,0,0,0,0,0,0,0,0,0,0,0,0,0,0,0,0,0,0,0,0,0,0,0,0,0,0,0,0,0,0,0,0,0,0,0,0,0,0,0,0,0,0,0,0,0,0,0,0,0,0,0,0,1,0,0,0,0,0,0,0,0,0,0,0,0,0,0,0,0,0,0,0,0,0,0,0,0,0,0,0,0,0,0,0,3.3166247903554,0,1.4142135623730951,0,0,0,0,0,0,0,0,1.4142135623730951,0,1,0,0,0,0,1.4142135623730951,0,0,0,0,2.449489742783178,0,1,2.23606797749979,0,1,0,0,0,0,0,0,0,0,2,0,0,0,0,,"2019","Southeast","Salinas","Cayo Caribes (2016)","shallow","5","2019Cayo Caribes (2016)5","2019_Cayo Caribes (2016)","2019_Salinas","2019_Southeast"
0,0,0,0,0,0,0,0,1,1.4142135623730951,1,0,0,0,0,0,0,0,0,0,0,0,0,0,0,0,0,0,0,0,0,0,0,0,0,0,0,0,0,0,0,0,0,0,0,0,0,0,0,0,0,0,0,0,1,0,0,0,0,0,0,0,0,0,0,0,0,0,0,0,0,0,0,0,0,0,0,1.4142135623730951,0,0,0,0,0,0,0,0,0,0,0,0,0,0,0,0,0,0,0,0,0,0,0,0,0,0,0,0,0,0,4,0,0,0,0,1,0,1,1,0,0,0,0,1,0,0,0,0,0,0,0,0,0,0,0,1,0,0,0,0,0,0,0,0,0,0,0,0,0,1.4142135623730951,0,0,0,0,0,0,0,0,0,0,0,0,0,0,0,0,0,0,0,0,0,0,0,0,0,1,0,0,0,0,0,0,0,0,0,0,0,0,0,0,0,0,0,0,0,0,0,0,0,0,0,0,0,0,0,0,0,0,0,0,0,0,0,0,0,0,0,0,0,0,0,0,1.4142135623730951,0,0,0,0,0,0,0,1.7320508075688772,0,1,0,0,0,0,0,0,0,0,0,1,0,2.6457513110645907,0,0,0,0,,"2019","Southeast","Salinas","Cayo Ratones","very shallow","1","2019Cayo Ratones1","2019_Cayo Ratones","2019_Salinas","2019_Southeast"
0,0,0,0,0,0,0,0,0,1,1,0,0,0,0,0,0,0,0,0,0,0,0,0,0,0,0,0,0,0,0,0,0,0,0,0,0,0,0,0,0,0,0,0,0,0,0,0,0,0,0,0,0,0,0,0,0,0,0,0,0,0,0,0,0,0,0,0,0,0,0,0,0,0,0,0,0,0,0,0,0,0,0,0,0,0,0,0,0,0,0,0,0,0,0,0,0,0,0,0,0,0,0,0,0,0,0,0,0,0,0,0,0,0,1.4142135623730951,0,0,0,0,0,0,0,0,0,1,0,0,0,0,0,0,0,0,0,0,0,0,0,0,0,0,0,0,0,0,0,0,0,0,0,0,0,0,0,0,0,1,0,0,0,0,0,0,0,0,0,0,0,0,0,0,0,0,0,0,0,0,0,0,0,0,0,0,0,0,0,0,0,0,0,0,0,0,0,0,0,0,0,0,0,0,0,0,0,0,0,0,1.7320508075688772,0,0,0,0,0,0,0,0,0,0,1,0,0,0,0,1.7320508075688772,0,0,0,0,2,0,1,1,0,0,0,0,0,0,0,0,0,0,2,0,0,0,0,,"2019","Southeast","Salinas","Cayo Ratones","very shallow","2","2019Cayo Ratones2","2019_Cayo Ratones","2019_Salinas","2019_Southeast"
0,0,0,0,0,0,0,0,1.4142135623730951,0,0,0,0,0,0,0,0,0,0,0,0,0,0,0,0,0,0,0,0,0,0,0,0,0,0,0,0,0,0,0,0,0,0,0,0,0,0,0,1,0,0,0,0,0,0,0,0,0,0,0,0,0,1,0,0,0,0,0,0,0,0,0,0,0,0,0,0,0,0,0,0,0,0,0,0,0,0,0,0,0,0,0,0,0,0,0,0,0,0,0,0,0,0,0,0,0,0,0,0,0,0,0,0,0,1.4142135623730951,1.7320508075688772,0,0,0,0,0,0,0,0,0,0,0,0,0,0,0,0,0,0,0,0,0,0,0,0,0,0,0,0,0,0,0,0,0,0,0,0,0,0,0,0,1,0,0,0,0,0,0,0,0,0,0,0,0,0,0,0,0,0,0,0,0,0,0,0,0,0,0,0,0,0,0,0,0,0,0,0,0,0,0,0,0,0,0,0,0,0,0,0,0,0,0,1.4142135623730951,0,0,0,0,0,0,0,0,0,0,1.4142135623730951,0,0,0,0,1,0,0,0,0,1,0,0,0,1,0,0,0,0,0,0,0,0,0,3.3166247903554,0,0,0,0,,"2019","Southeast","Salinas","Cayo Ratones","very shallow","3","2019Cayo Ratones3","2019_Cayo Ratones","2019_Salinas","2019_Southeast"
0,0,0,0,0,0,0,0,1,0,0,0,0,0,0,0,0,0,0,0,0,0,0,0,0,0,0,0,0,0,0,0,0,0,0,0,0,0,0,0,0,0,0,0,0,0,0,0,0,0,0,0,0,0,0,0,0,0,0,0,0,0,0,0,0,0,0,0,0,0,0,0,0,0,0,0,0,0,0,0,0,0,0,0,0,0,0,0,0,0,0,0,0,0,0,0,0,0,0,0,0,0,0,0,0,0,0,0,0,0,0,0,0,0,1,1.4142135623730951,0,0,0,0,0,0,0,0,1,0,0,0,0,0,0,0,0,0,0,0,0,0,0,0,0,0,0,0,0,0,0,0,0,0,0,0,0,0,0,0,0,0,0,0,0,0,0,0,0,0,0,0,0,0,0,0,0,0,0,0,0,0,0,0,0,0,0,0,0,0,0,0,0,0,0,0,0,0,0,0,1,0,0,0,0,0,0,0,0,0,0,2,0,0,0,0,0,0,0,0,0,0,0,0,0,0,0,2,0,0,0,0,2.23606797749979,0,0,1,0,0,0,0,0,0,0,0,0,0,3,0,0,0,0,,"2019","Southeast","Salinas","Cayo Ratones","very shallow","4","2019Cayo Ratones4","2019_Cayo Ratones","2019_Salinas","2019_Southeast"
0,0,0,0,0,0,0,0,1,1,0,0,0,0,0,0,0,0,0,0,0,0,0,0,0,0,0,0,0,0,0,0,0,0,0,0,0,0,0,0,0,0,0,0,0,0,0,0,0,0,0,0,0,0,0,0,0,0,0,0,0,0,0,0,0,0,0,0,0,0,0,0,0,0,0,0,0,0,0,0,0,0,0,0,0,0,0,0,0,0,0,0,0,0,0,0,0,0,0,0,0,0,0,0,0,0,0,0,0,0,0,0,0,0,1.7320508075688772,1.4142135623730951,0,0,0,0,0,0,0,0,1,0,0,0,0,0,0,0,0,0,0,0,0,0,0,0,0,0,0,0,0,0,0,0,0,0,0,0,0,0,0,0,0,0,0,0,0,0,0,0,0,0,0,0,0,0,0,0,0,0,0,0,0,0,0,0,0,0,0,0,0,0,0,0,0,0,0,0,0,0,0,0,0,0,0,0,0,0,0,0,0,0,0,2.8284271247461903,0,0,0,0,0,0,0,0,0,0,0,0,0,0,0,1.7320508075688772,0,0,0,0,1.7320508075688772,0,1,1,0,0,0,0,0,0,0,0,0,0,2.8284271247461903,0,0,0,0,,"2019","Southeast","Salinas","Cayo Ratones","very shallow","5","2019Cayo Ratones5","2019_Cayo Ratones","2019_Salinas","2019_Southeast"
